year,serialno,state,puma,wgtp,np,hincp,fincp,adjinc,hht,hht2,noc,npf,fparc,person_count,adult_count,college_age_count,student_enrolled_count,likely_college_student_count,employed_count,reference_person_count,reference_person_student_flag,has_any_likely_college_student,has_any_student,has_any_college_age_person,has_any_employed_person,student_share_of_persons,student_share_of_adults,college_age_share_of_persons,student_heavy_flag_rule_a,student_heavy_flag_rule_b,analysis_weight,hincp_adj_real,student_heavy_flag,hh_comp_key,below_alice_flag,annual_alice_threshold
2019,2019HU0085519,17,2100,101,1,7700.0,,1010145,4.0,9.0,0.0,,,1,1,0,0,0,0,1,0,0,0,0,0,0.0,0.0,0.0,0,0,101.0,7778.1165,0,1_adult_0_child,1,33838.68
2019,2019HU1391014,17,2100,201,6,21000.0,21000.0,1010145,3.0,6.0,5.0,6.0,2.0,6,1,0,4,0,1,1,0,0,1,0,1,0.0,0.0,0.0,0,0,201.0,21213.045,0,1_adult_2plus_child,1,53816.98
2019,2019HU1400685,17,2100,160,4,23000.0,19200.0,1010145,3.0,6.0,1.0,3.0,3.0,4,2,2,1,0,2,1,0,0,1,1,1,0.0,0.0,0.5,0,0,160.0,23233.335,0,2_adult_1_child,1,54273.58
2019,2019HU1146864,17,2100,410,2,0.0,,1010145,5.0,12.0,0.0,,,2,2,2,2,2,0,1,1,1,1,1,0,1.0,1.0,1.0,1,1,410.0,0.0,1,2_adult_0_child,1,45201.89
2019,2019HU0008612,17,2100,570,1,17300.0,,1010145,6.0,5.0,0.0,,,1,1,0,0,0,0,1,0,0,0,0,0,0.0,0.0,0.0,0,0,570.0,17475.5085,0,1_adult_0_child,1,33838.68
2019,2019HU0008889,17,2100,41,2,0.0,,1010145,5.0,12.0,0.0,,,2,2,2,2,2,0,1,1,1,1,1,0,1.0,1.0,1.0,1,1,41.0,0.0,1,2_adult_0_child,1,45201.89
2019,2019HU0027545,17,2100,56,1,12000.0,,1010145,4.0,9.0,0.0,,,1,1,1,1,1,0,1,1,1,1,1,0,1.0,1.0,1.0,1,1,56.0,12121.74,1,1_adult_0_child,1,33838.68
2019,2019HU0032491,17,2100,112,3,32300.0,32300.0,1010145,3.0,6.0,2.0,3.0,3.0,3,1,0,1,0,1,1,0,0,1,0,1,0.0,0.0,0.0,0,0,112.0,32627.6835,0,1_adult_2plus_child,1,53816.98
2019,2019HU0033488,17,2100,44,3,15600.0,,1010145,5.0,12.0,0.0,,,3,2,2,0,0,2,1,0,0,0,1,1,0.0,0.0,0.6666666666666666,0,0,44.0,15758.262,0,2_adult_0_child,1,45201.89
2019,2019HU0041226,17,2100,141,2,35000.0,,1010145,5.0,12.0,0.0,,,2,2,2,2,2,0,1,1,1,1,1,0,1.0,1.0,1.0,1,1,141.0,35355.075,1,2_adult_0_child,1,45201.89
2019,2019HU0049920,17,2100,10,3,45000.0,45000.0,1010145,2.0,3.0,1.0,2.0,1.0,3,2,0,0,0,1,1,0,0,0,0,1,0.0,0.0,0.0,0,0,10.0,45456.525,0,2_adult_1_child,1,54273.58
2019,2019HU0050747,17,2100,42,3,24200.0,,1010145,5.0,12.0,0.0,,,3,3,3,3,3,0,1,1,1,1,1,0,1.0,1.0,1.0,1,1,42.0,24445.509,1,3plus_adult_0_child,1,55415.09
2019,2019HU0054305,17,2100,130,1,18700.0,,1010145,6.0,5.0,0.0,,,1,1,0,0,0,1,1,0,0,0,0,1,0.0,0.0,0.0,0,0,130.0,18889.7115,0,1_adult_0_child,1,33838.68
2019,2019HU0063955,17,2100,76,2,29200.0,,1010145,5.0,4.0,0.0,,,2,1,1,1,0,2,1,0,0,1,1,1,0.0,0.0,0.5,0,0,76.0,29496.234,0,1_adult_0_child,1,33838.68
2019,2019HU0067357,17,2100,149,2,29400.0,29400.0,1010145,3.0,7.0,0.0,2.0,4.0,2,2,1,1,0,1,1,0,0,1,1,1,0.0,0.0,0.5,0,0,149.0,29698.263,0,2_adult_0_child,1,45201.89
2019,2019HU0067702,17,2100,255,1,17400.0,,1010145,6.0,5.0,0.0,,,1,1,1,1,1,1,1,1,1,1,1,1,1.0,1.0,1.0,1,0,255.0,17576.523,0,1_adult_0_child,1,33838.68
2019,2019HU0083998,17,2100,13,1,12000.0,,1010145,6.0,5.0,0.0,,,1,1,0,0,0,0,1,0,0,0,0,0,0.0,0.0,0.0,0,0,13.0,12121.74,0,1_adult_0_child,1,33838.68
2019,2019HU0102686,17,2100,103,2,23000.0,23000.0,1010145,1.0,2.0,0.0,2.0,4.0,2,2,0,1,0,1,1,0,0,1,0,1,0.0,0.0,0.0,0,0,103.0,23233.335,0,2_adult_0_child,1,45201.89
2019,2019HU0111810,17,2100,124,1,26900.0,,1010145,4.0,9.0,0.0,,,1,1,0,0,0,0,1,0,0,0,0,0,0.0,0.0,0.0,0,0,124.0,27172.9005,0,1_adult_0_child,1,33838.68
2019,2019HU0113473,17,2100,64,1,21400.0,,1010145,6.0,5.0,0.0,,,1,1,0,0,0,0,1,0,0,0,0,0,0.0,0.0,0.0,0,0,64.0,21617.103,0,1_adult_0_child,1,33838.68
2019,2019HU0115501,17,2100,160,2,12800.0,12800.0,1010145,3.0,7.0,0.0,2.0,4.0,2,2,1,1,1,1,1,0,1,1,1,1,0.5,0.5,0.5,1,0,160.0,12929.856,0,2_adult_0_child,1,45201.89
2019,2019HU0125262,17,2100,68,1,26500.0,,1010145,6.0,5.0,0.0,,,1,1,0,0,0,1,1,0,0,0,0,1,0.0,0.0,0.0,0,0,68.0,26768.8425,0,1_adult_0_child,1,33838.68
2019,2019HU0134654,17,2100,382,2,1300.0,,1010145,5.0,12.0,0.0,,,2,2,2,2,2,0,1,1,1,1,1,0,1.0,1.0,1.0,1,1,382.0,1313.1885,1,2_adult_0_child,1,45201.89
2019,2019HU0142678,17,2100,37,2,21000.0,21000.0,1010145,2.0,11.0,0.0,2.0,4.0,2,2,1,1,0,1,1,0,0,1,1,1,0.0,0.0,0.5,0,0,37.0,21213.045,0,2_adult_0_child,1,45201.89
2019,2019HU0147683,17,2100,89,2,19000.0,19000.0,1010145,1.0,2.0,0.0,2.0,4.0,2,2,0,0,0,1,1,0,0,0,0,1,0.0,0.0,0.0,0,0,89.0,19192.755,0,2_adult_0_child,1,45201.89
2019,2019HU0149279,17,2100,87,3,10700.0,10700.0,1010145,3.0,3.0,1.0,2.0,1.0,3,2,1,0,0,1,1,0,0,0,1,1,0.0,0.0,0.3333333333333333,0,0,87.0,10808.5515,0,2_adult_1_child,1,54273.58
2019,2019HU0153437,17,2100,96,2,0.0,,1010145,5.0,12.0,0.0,,,2,2,2,2,2,0,1,1,1,1,1,0,1.0,1.0,1.0,1,1,96.0,0.0,1,2_adult_0_child,1,45201.89
2019,2019HU0157308,17,2100,58,5,22960.0,22000.0,1010145,2.0,3.0,3.0,4.0,3.0,5,2,0,2,0,1,1,0,0,1,0,1,0.0,0.0,0.0,0,0,58.0,23192.9292,0,2_adult_2plus_child,1,62274.53
2019,2019HU0159831,17,2100,24,1,24300.0,,1010145,6.0,5.0,0.0,,,1,1,0,0,0,0,1,0,0,0,0,0,0.0,0.0,0.0,0,0,24.0,24546.5235,0,1_adult_0_child,1,33838.68
2019,2019HU0166876,17,2100,117,3,53000.0,53000.0,1010145,1.0,1.0,1.0,3.0,2.0,3,2,0,1,0,1,1,0,0,1,0,1,0.0,0.0,0.0,0,0,117.0,53537.685,0,2_adult_1_child,1,54273.58
2019,2019HU0174746,17,2100,129,3,6320.0,6320.0,1010145,1.0,2.0,0.0,3.0,4.0,3,3,1,1,1,2,1,0,1,1,1,1,0.3333333333333333,0.3333333333333333,0.3333333333333333,0,0,129.0,6384.1164,0,3plus_adult_0_child,1,55415.09
2019,2019HU0181176,17,2100,197,1,2000.0,,1010145,6.0,5.0,0.0,,,1,1,1,1,1,1,1,1,1,1,1,1,1.0,1.0,1.0,1,0,197.0,2020.29,0,1_adult_0_child,1,33838.68
2019,2019HU0181701,17,2100,113,1,25400.0,,1010145,6.0,5.0,0.0,,,1,1,0,0,0,0,1,0,0,0,0,0,0.0,0.0,0.0,0,0,113.0,25657.683,0,1_adult_0_child,1,33838.68
2019,2019HU0182070,17,2100,13,1,0.0,,1010145,6.0,5.0,0.0,,,1,1,0,0,0,0,1,0,0,0,0,0,0.0,0.0,0.0,0,0,13.0,0.0,0,1_adult_0_child,1,33838.68
2019,2019HU0182458,17,2100,36,3,29530.0,29530.0,1010145,3.0,6.0,2.0,3.0,1.0,3,1,1,1,1,1,1,1,1,1,1,1,0.3333333333333333,1.0,0.3333333333333333,1,0,36.0,29829.58185,0,1_adult_2plus_child,1,53816.98
2019,2019HU0193030,17,2100,38,3,35000.0,35000.0,1010145,2.0,10.0,1.0,3.0,1.0,3,2,0,0,0,2,1,0,0,0,0,1,0.0,0.0,0.0,0,0,38.0,35355.075,0,2_adult_1_child,1,54273.58
2019,2019HU0193205,17,2100,75,1,0.0,,1010145,6.0,5.0,0.0,,,1,1,1,1,1,0,1,1,1,1,1,0,1.0,1.0,1.0,1,1,75.0,0.0,1,1_adult_0_child,1,33838.68
2019,2019HU0196451,17,2100,111,1,30000.0,,1010145,6.0,5.0,0.0,,,1,1,0,1,0,1,1,0,0,1,0,1,0.0,0.0,0.0,0,0,111.0,30304.35,0,1_adult_0_child,1,33838.68
2019,2019HU0204298,17,2100,48,2,41200.0,,1010145,5.0,12.0,0.0,,,2,2,0,2,0,2,1,0,0,1,0,1,0.0,0.0,0.0,0,0,48.0,41617.974,0,2_adult_0_child,1,45201.89
2019,2019HU0207030,17,2100,19,4,39600.0,39600.0,1010145,2.0,10.0,3.0,4.0,2.0,4,1,0,3,0,0,1,0,0,1,0,0,0.0,0.0,0.0,0,0,19.0,40001.742,0,1_adult_2plus_child,1,53816.98
2019,2019HU0246982,17,2100,129,4,39230.0,,1010145,7.0,8.0,0.0,,,4,4,4,4,4,4,1,1,1,1,1,1,1.0,1.0,1.0,1,0,129.0,39627.98835,0,3plus_adult_0_child,1,55415.09
2019,2019HU0257598,17,2100,315,4,52000.0,52000.0,1010145,2.0,10.0,2.0,4.0,2.0,4,2,1,3,0,2,1,0,0,1,1,1,0.0,0.0,0.25,0,0,315.0,52527.54,0,2_adult_2plus_child,1,62274.53
2019,2019HU0261678,17,2100,110,1,16700.0,,1010145,6.0,5.0,0.0,,,1,1,0,0,0,0,1,0,0,0,0,0,0.0,0.0,0.0,0,0,110.0,16869.4215,0,1_adult_0_child,1,33838.68
2019,2019HU0269402,17,2100,89,2,24750.0,,1010145,7.0,8.0,0.0,,,2,2,0,0,0,1,1,0,0,0,0,1,0.0,0.0,0.0,0,0,89.0,25001.08875,0,2_adult_0_child,1,45201.89
2019,2019HU0271244,17,2100,134,4,6200.0,,1010145,7.0,8.0,0.0,,,4,4,4,4,4,0,1,1,1,1,1,0,1.0,1.0,1.0,1,1,134.0,6262.899,1,3plus_adult_0_child,1,55415.09
2019,2019HU0271832,17,2100,229,1,14000.0,,1010145,4.0,9.0,0.0,,,1,1,0,0,0,0,1,0,0,0,0,0,0.0,0.0,0.0,0,0,229.0,14142.03,0,1_adult_0_child,1,33838.68
2019,2019HU0273973,17,2100,72,1,22000.0,,1010145,4.0,9.0,0.0,,,1,1,0,0,0,1,1,0,0,0,0,1,0.0,0.0,0.0,0,0,72.0,22223.19,0,1_adult_0_child,1,33838.68
2019,2019HU0274688,17,2100,94,2,30200.0,30200.0,1010145,3.0,7.0,0.0,2.0,4.0,2,2,0,0,0,0,1,0,0,0,0,0,0.0,0.0,0.0,0,0,94.0,30506.379,0,2_adult_0_child,1,45201.89
2019,2019HU0274843,17,2100,108,2,18000.0,,1010145,5.0,12.0,0.0,,,2,2,2,2,2,1,1,1,1,1,1,1,1.0,1.0,1.0,1,0,108.0,18182.61,0,2_adult_0_child,1,45201.89
2019,2019HU0282396,17,2100,181,4,60510.0,60510.0,1010145,1.0,1.0,2.0,4.0,1.0,4,2,0,0,0,2,1,0,0,0,0,1,0.0,0.0,0.0,0,0,181.0,61123.87395,0,2_adult_2plus_child,1,62274.53
2019,2019HU0300444,17,2100,260,4,15000.0,15000.0,1010145,2.0,3.0,2.0,3.0,3.0,4,2,1,1,0,1,1,0,0,1,1,1,0.0,0.0,0.25,0,0,260.0,15152.175,0,2_adult_2plus_child,1,62274.53
2019,2019HU0308711,17,2100,231,5,46000.0,24000.0,1010145,3.0,3.0,3.0,4.0,2.0,5,2,0,3,0,2,1,0,0,1,0,1,0.0,0.0,0.0,0,0,231.0,46466.67,0,2_adult_2plus_child,1,62274.53
2019,2019HU0313506,17,2100,733,4,53000.0,53000.0,1010145,1.0,1.0,2.0,4.0,3.0,4,2,0,2,0,1,1,0,0,1,0,1,0.0,0.0,0.0,0,0,733.0,53537.685,0,2_adult_2plus_child,1,62274.53
2019,2019HU0316252,17,2100,184,4,52000.0,52000.0,1010145,3.0,6.0,3.0,4.0,2.0,4,1,0,3,0,2,1,0,0,1,0,1,0.0,0.0,0.0,0,0,184.0,52527.54,0,1_adult_2plus_child,1,53816.98
2019,2019HU0316506,17,2100,128,2,18300.0,18300.0,1010145,1.0,2.0,0.0,2.0,4.0,2,2,0,0,0,1,1,0,0,0,0,1,0.0,0.0,0.0,0,0,128.0,18485.6535,0,2_adult_0_child,1,45201.89
2019,2019HU0319866,17,2100,217,1,0.0,,1010145,6.0,5.0,0.0,,,1,1,0,0,0,0,1,0,0,0,0,0,0.0,0.0,0.0,0,0,217.0,0.0,0,1_adult_0_child,1,33838.68
2019,2019HU0324659,17,2100,93,5,39000.0,39000.0,1010145,1.0,1.0,3.0,5.0,2.0,5,2,0,3,0,2,1,0,0,1,0,1,0.0,0.0,0.0,0,0,93.0,39395.655,0,2_adult_2plus_child,1,62274.53
2019,2019HU0326882,17,2100,106,1,22000.0,,1010145,6.0,5.0,0.0,,,1,1,0,0,0,0,1,0,0,0,0,0,0.0,0.0,0.0,0,0,106.0,22223.19,0,1_adult_0_child,1,33838.68
2019,2019HU0332192,17,2100,65,1,9100.0,,1010145,6.0,5.0,0.0,,,1,1,0,0,0,0,1,0,0,0,0,0,0.0,0.0,0.0,0,0,65.0,9192.3195,0,1_adult_0_child,1,33838.68
2019,2019HU0335591,17,2100,41,4,50.0,,1010145,7.0,8.0,0.0,,,4,4,4,4,4,1,1,1,1,1,1,1,1.0,1.0,1.0,1,0,41.0,50.50725,0,3plus_adult_0_child,1,55415.09
2019,2019HU0343768,17,2100,106,3,19700.0,,1010145,7.0,8.0,0.0,,,3,3,3,3,3,2,1,1,1,1,1,1,1.0,1.0,1.0,1,0,106.0,19899.8565,0,3plus_adult_0_child,1,55415.09
2019,2019HU0343877,17,2100,51,2,38300.0,,1010145,5.0,4.0,0.0,,,2,2,0,1,0,2,1,0,0,1,0,1,0.0,0.0,0.0,0,0,51.0,38688.5535,0,2_adult_0_child,1,45201.89
2019,2019HU0345686,17,2100,547,4,24000.0,24000.0,1010145,3.0,6.0,3.0,4.0,3.0,4,1,0,1,0,1,1,0,0,1,0,1,0.0,0.0,0.0,0,0,547.0,24243.48,0,1_adult_2plus_child,1,53816.98
2019,2019HU0348178,17,2100,16,3,24000.0,15000.0,1010145,3.0,6.0,1.0,2.0,1.0,3,2,1,0,0,2,1,0,0,0,1,1,0.0,0.0,0.3333333333333333,0,0,16.0,24243.48,0,2_adult_1_child,1,54273.58
2019,2019HU0349905,17,2100,58,1,32000.0,,1010145,4.0,9.0,0.0,,,1,1,0,0,0,0,1,0,0,0,0,0,0.0,0.0,0.0,0,0,58.0,32324.64,0,1_adult_0_child,1,33838.68
2019,2019HU0356383,17,2100,15,5,15000.0,10000.0,1010145,3.0,3.0,3.0,4.0,3.0,5,2,0,2,0,1,1,0,0,1,0,1,0.0,0.0,0.0,0,0,15.0,15152.175,0,2_adult_2plus_child,1,62274.53
2019,2019HU0364420,17,2100,25,4,60000.0,60000.0,1010145,1.0,1.0,2.0,4.0,3.0,4,2,0,2,0,2,1,0,0,1,0,1,0.0,0.0,0.0,0,0,25.0,60608.7,0,2_adult_2plus_child,1,62274.53
2019,2019HU0365734,17,2100,209,2,14200.0,14200.0,1010145,3.0,7.0,0.0,2.0,4.0,2,2,0,0,0,0,1,0,0,0,0,0,0.0,0.0,0.0,0,0,209.0,14344.059,0,2_adult_0_child,1,45201.89
2019,2019HU0371356,17,2100,952,1,17400.0,,1010145,6.0,5.0,0.0,,,1,1,1,0,0,0,1,0,0,0,1,0,0.0,0.0,1.0,0,0,952.0,17576.523,0,1_adult_0_child,1,33838.68
2019,2019HU0377176,17,2100,89,1,12000.0,,1010145,6.0,5.0,0.0,,,1,1,0,0,0,0,1,0,0,0,0,0,0.0,0.0,0.0,0,0,89.0,12121.74,0,1_adult_0_child,1,33838.68
2019,2019HU0382469,17,2100,160,1,30000.0,,1010145,6.0,5.0,0.0,,,1,1,0,0,0,1,1,0,0,0,0,1,0.0,0.0,0.0,0,0,160.0,30304.35,0,1_adult_0_child,1,33838.68
2019,2019HU0382640,17,2100,33,2,40100.0,,1010145,7.0,4.0,0.0,,,2,2,0,0,0,2,1,0,0,0,0,1,0.0,0.0,0.0,0,0,33.0,40506.8145,0,2_adult_0_child,1,45201.89
2019,2019HU0383518,17,2100,12,1,23000.0,,1010145,6.0,5.0,0.0,,,1,1,0,0,0,0,1,0,0,0,0,0,0.0,0.0,0.0,0,0,12.0,23233.335,0,1_adult_0_child,1,33838.68
2019,2019HU0385333,17,2100,187,4,51500.0,,1010145,7.0,8.0,0.0,,,4,4,4,2,2,3,1,1,1,1,1,1,0.5,0.5,1.0,1,0,187.0,52022.4675,0,3plus_adult_0_child,1,55415.09
2019,2019HU0402330,17,2100,18,1,23400.0,,1010145,6.0,5.0,0.0,,,1,1,0,0,0,0,1,0,0,0,0,0,0.0,0.0,0.0,0,0,18.0,23637.393,0,1_adult_0_child,1,33838.68
2019,2019HU0404891,17,2100,82,5,48400.0,33400.0,1010145,2.0,3.0,3.0,4.0,2.0,5,2,0,3,0,2,1,0,0,1,0,1,0.0,0.0,0.0,0,0,82.0,48891.018,0,2_adult_2plus_child,1,62274.53
2019,2019HU0409512,17,2100,54,1,15600.0,,1010145,4.0,9.0,0.0,,,1,1,0,0,0,0,1,0,0,0,0,0,0.0,0.0,0.0,0,0,54.0,15758.262,0,1_adult_0_child,1,33838.68
2019,2019HU0417411,17,2100,79,1,25000.0,,1010145,4.0,9.0,0.0,,,1,1,0,0,0,1,1,0,0,0,0,1,0.0,0.0,0.0,0,0,79.0,25253.625,0,1_adult_0_child,1,33838.68
2019,2019HU0426004,17,2100,110,2,33900.0,33900.0,1010145,1.0,2.0,0.0,2.0,4.0,2,2,0,0,0,0,1,0,0,0,0,0,0.0,0.0,0.0,0,0,110.0,34243.9155,0,2_adult_0_child,1,45201.89
2019,2019HU0426325,17,2100,153,1,33000.0,,1010145,6.0,5.0,0.0,,,1,1,0,0,0,0,1,0,0,0,0,0,0.0,0.0,0.0,0,0,153.0,33334.785,0,1_adult_0_child,1,33838.68
2019,2019HU0434013,17,2100,88,3,25000.0,25000.0,1010145,1.0,1.0,1.0,3.0,1.0,3,2,0,1,0,1,1,0,0,1,0,1,0.0,0.0,0.0,0,0,88.0,25253.625,0,2_adult_1_child,1,54273.58
2019,2019HU0435276,17,2100,70,1,7050.0,,1010145,4.0,9.0,0.0,,,1,1,1,1,1,0,1,1,1,1,1,0,1.0,1.0,1.0,1,1,70.0,7121.52225,1,1_adult_0_child,1,33838.68
2019,2019HU0439800,17,2100,61,1,7500.0,,1010145,6.0,5.0,0.0,,,1,1,0,1,0,1,1,0,0,1,0,1,0.0,0.0,0.0,0,0,61.0,7576.0875,0,1_adult_0_child,1,33838.68
2019,2019HU0445897,17,2100,109,2,16000.0,16000.0,1010145,1.0,2.0,0.0,2.0,4.0,2,2,0,0,0,0,1,0,0,0,0,0,0.0,0.0,0.0,0,0,109.0,16162.32,0,2_adult_0_child,1,45201.89
2019,2019HU0460568,17,2100,33,1,27820.0,,1010145,6.0,5.0,0.0,,,1,1,0,0,0,0,1,0,0,0,0,0,0.0,0.0,0.0,0,0,33.0,28102.2339,0,1_adult_0_child,1,33838.68
2019,2019HU0464330,17,2100,107,2,6800.0,,1010145,5.0,12.0,0.0,,,2,2,2,2,2,1,1,1,1,1,1,1,1.0,1.0,1.0,1,0,107.0,6868.986,0,2_adult_0_child,1,45201.89
2019,2019HU0468358,17,2100,82,3,12400.0,,1010145,5.0,12.0,0.0,,,3,3,3,3,3,3,1,1,1,1,1,1,1.0,1.0,1.0,1,0,82.0,12525.798,0,3plus_adult_0_child,1,55415.09
2019,2019HU0468954,17,2100,27,3,51000.0,51000.0,1010145,1.0,1.0,1.0,3.0,2.0,3,2,0,1,0,2,1,0,0,1,0,1,0.0,0.0,0.0,0,0,27.0,51517.395,0,2_adult_1_child,1,54273.58
2019,2019HU0468996,17,2100,116,1,8100.0,,1010145,4.0,9.0,0.0,,,1,1,0,0,0,0,1,0,0,0,0,0,0.0,0.0,0.0,0,0,116.0,8182.1745,0,1_adult_0_child,1,33838.68
2019,2019HU0469097,17,2100,136,1,24000.0,,1010145,6.0,5.0,0.0,,,1,1,0,0,0,1,1,0,0,0,0,1,0.0,0.0,0.0,0,0,136.0,24243.48,0,1_adult_0_child,1,33838.68
2019,2019HU0471315,17,2100,177,1,20200.0,,1010145,6.0,5.0,0.0,,,1,1,0,0,0,1,1,0,0,0,0,1,0.0,0.0,0.0,0,0,177.0,20404.929,0,1_adult_0_child,1,33838.68
2019,2019HU0477077,17,2100,201,1,26000.0,,1010145,6.0,5.0,0.0,,,1,1,1,0,0,1,1,0,0,0,1,1,0.0,0.0,1.0,0,0,201.0,26263.77,0,1_adult_0_child,1,33838.68
2019,2019HU0490726,17,2100,22,3,45000.0,45000.0,1010145,3.0,6.0,2.0,3.0,2.0,3,1,0,2,0,1,1,0,0,1,0,1,0.0,0.0,0.0,0,0,22.0,45456.525,0,1_adult_2plus_child,1,53816.98
2019,2019HU0494758,17,2100,54,2,39400.0,39400.0,1010145,1.0,2.0,0.0,2.0,4.0,2,2,0,0,0,0,1,0,0,0,0,0,0.0,0.0,0.0,0,0,54.0,39799.713,0,2_adult_0_child,1,45201.89
2019,2019HU0496229,17,2100,15,4,48000.0,48000.0,1010145,1.0,1.0,2.0,4.0,2.0,4,2,0,2,0,1,1,0,0,1,0,1,0.0,0.0,0.0,0,0,15.0,48486.96,0,2_adult_2plus_child,1,62274.53
2019,2019HU0501348,17,2100,72,2,26000.0,,1010145,5.0,12.0,0.0,,,2,2,2,2,2,0,1,1,1,1,1,0,1.0,1.0,1.0,1,1,72.0,26263.77,1,2_adult_0_child,1,45201.89
2019,2019HU0505603,17,2100,105,1,32000.0,,1010145,4.0,9.0,0.0,,,1,1,0,0,0,1,1,0,0,0,0,1,0.0,0.0,0.0,0,0,105.0,32324.64,0,1_adult_0_child,1,33838.68
2019,2019HU0515460,17,2100,59,2,37800.0,37800.0,1010145,3.0,7.0,0.0,2.0,4.0,2,2,1,0,0,1,1,0,0,0,1,1,0.0,0.0,0.5,0,0,59.0,38183.481,0,2_adult_0_child,1,45201.89
2019,2019HU0516245,17,2100,77,2,1100.0,1100.0,1010145,2.0,11.0,0.0,2.0,4.0,2,2,1,1,1,1,1,1,1,1,1,1,0.5,0.5,0.5,1,0,77.0,1111.1595,0,2_adult_0_child,1,45201.89
2019,2019HU0518096,17,2100,18,1,28600.0,,1010145,6.0,5.0,0.0,,,1,1,0,0,0,1,1,0,0,0,0,1,0.0,0.0,0.0,0,0,18.0,28890.147,0,1_adult_0_child,1,33838.68
2019,2019HU0519784,17,2100,142,4,28700.0,28700.0,1010145,3.0,6.0,2.0,4.0,2.0,4,2,0,2,0,1,1,0,0,1,0,1,0.0,0.0,0.0,0,0,142.0,28991.1615,0,2_adult_2plus_child,1,62274.53
2019,2019HU0526838,17,2100,157,2,36200.0,36200.0,1010145,3.0,7.0,0.0,2.0,4.0,2,2,2,2,2,2,1,1,1,1,1,1,1.0,1.0,1.0,1,0,157.0,36567.249,0,2_adult_0_child,1,45201.89
2019,2019HU0527968,17,2100,151,1,6200.0,,1010145,6.0,5.0,0.0,,,1,1,0,0,0,0,1,0,0,0,0,0,0.0,0.0,0.0,0,0,151.0,6262.899,0,1_adult_0_child,1,33838.68
2019,2019HU0533661,17,2100,88,1,0.0,,1010145,4.0,9.0,0.0,,,1,1,1,1,1,0,1,1,1,1,1,0,1.0,1.0,1.0,1,1,88.0,0.0,1,1_adult_0_child,1,33838.68
2019,2019HU0534381,17,2100,29,2,21300.0,21300.0,1010145,1.0,2.0,0.0,2.0,4.0,2,2,0,0,0,1,1,0,0,0,0,1,0.0,0.0,0.0,0,0,29.0,21516.0885,0,2_adult_0_child,1,45201.89
2019,2019HU0537145,17,2100,95,1,16100.0,,1010145,4.0,9.0,0.0,,,1,1,0,0,0,1,1,0,0,0,0,1,0.0,0.0,0.0,0,0,95.0,16263.3345,0,1_adult_0_child,1,33838.68
2019,2019HU0538422,17,2100,106,1,12000.0,,1010145,6.0,5.0,0.0,,,1,1,1,1,1,1,1,1,1,1,1,1,1.0,1.0,1.0,1,0,106.0,12121.74,0,1_adult_0_child,1,33838.68
2019,2019HU0538425,17,2100,82,2,40000.0,40000.0,1010145,1.0,2.0,0.0,2.0,4.0,2,2,0,0,0,2,1,0,0,0,0,1,0.0,0.0,0.0,0,0,82.0,40405.8,0,2_adult_0_child,1,45201.89
2019,2019HU0541324,17,2100,305,1,10000.0,,1010145,6.0,5.0,0.0,,,1,1,0,0,0,0,1,0,0,0,0,0,0.0,0.0,0.0,0,0,305.0,10101.45,0,1_adult_0_child,1,33838.68
2019,2019HU0546166,17,2100,138,1,19700.0,,1010145,6.0,5.0,0.0,,,1,1,0,0,0,0,1,0,0,0,0,0,0.0,0.0,0.0,0,0,138.0,19899.8565,0,1_adult_0_child,1,33838.68
2019,2019HU0548876,17,2100,11,1,15900.0,,1010145,4.0,9.0,0.0,,,1,1,0,0,0,0,1,0,0,0,0,0,0.0,0.0,0.0,0,0,11.0,16061.3055,0,1_adult_0_child,1,33838.68
2019,2019HU0579848,17,2100,53,1,14400.0,,1010145,6.0,5.0,0.0,,,1,1,0,0,0,0,1,0,0,0,0,0,0.0,0.0,0.0,0,0,53.0,14546.088,0,1_adult_0_child,1,33838.68
2019,2019HU0581843,17,2100,51,1,15000.0,,1010145,4.0,9.0,0.0,,,1,1,0,0,0,1,1,0,0,0,0,1,0.0,0.0,0.0,0,0,51.0,15152.175,0,1_adult_0_child,1,33838.68
2019,2019HU0587469,17,2100,20,1,2300.0,,1010145,6.0,5.0,0.0,,,1,1,0,0,0,0,1,0,0,0,0,0,0.0,0.0,0.0,0,0,20.0,2323.3335,0,1_adult_0_child,1,33838.68
2019,2019HU0591393,17,2100,338,1,0.0,,1010145,6.0,5.0,0.0,,,1,1,1,1,1,0,1,1,1,1,1,0,1.0,1.0,1.0,1,1,338.0,0.0,1,1_adult_0_child,1,33838.68
2019,2019HU0592045,17,2100,16,2,24100.0,,1010145,7.0,4.0,0.0,,,2,2,0,0,0,0,1,0,0,0,0,0,0.0,0.0,0.0,0,0,16.0,24344.4945,0,2_adult_0_child,1,45201.89
2019,2019HU0597786,17,2100,18,4,18000.0,18000.0,1010145,1.0,1.0,2.0,4.0,1.0,4,2,0,1,0,0,1,0,0,1,0,0,0.0,0.0,0.0,0,0,18.0,18182.61,0,2_adult_2plus_child,1,62274.53
2019,2019HU0598582,17,2100,83,3,38000.0,38000.0,1010145,2.0,3.0,1.0,2.0,2.0,3,2,0,1,0,1,1,0,0,1,0,1,0.0,0.0,0.0,0,0,83.0,38385.51,0,2_adult_1_child,1,54273.58
2019,2019HU0599373,17,2100,170,5,26000.0,26000.0,1010145,2.0,10.0,3.0,5.0,2.0,5,2,0,5,0,1,1,0,0,1,0,1,0.0,0.0,0.0,0,0,170.0,26263.77,0,2_adult_2plus_child,1,62274.53
2019,2019HU0606536,17,2100,62,1,32000.0,,1010145,6.0,5.0,0.0,,,1,1,0,0,0,1,1,0,0,0,0,1,0.0,0.0,0.0,0,0,62.0,32324.64,0,1_adult_0_child,1,33838.68
2019,2019HU0610565,17,2100,52,1,27600.0,,1010145,6.0,5.0,0.0,,,1,1,0,0,0,0,1,0,0,0,0,0,0.0,0.0,0.0,0,0,52.0,27880.002,0,1_adult_0_child,1,33838.68
2019,2019HU0626981,17,2100,165,1,31500.0,,1010145,6.0,5.0,0.0,,,1,1,0,0,0,0,1,0,0,0,0,0,0.0,0.0,0.0,0,0,165.0,31819.5675,0,1_adult_0_child,1,33838.68
2019,2019HU0639713,17,2100,180,1,30000.0,,1010145,6.0,5.0,0.0,,,1,1,0,0,0,1,1,0,0,0,0,1,0.0,0.0,0.0,0,0,180.0,30304.35,0,1_adult_0_child,1,33838.68
2019,2019HU0643115,17,2100,156,2,33900.0,33900.0,1010145,1.0,2.0,0.0,2.0,4.0,2,2,0,0,0,0,1,0,0,0,0,0,0.0,0.0,0.0,0,0,156.0,34243.9155,0,2_adult_0_child,1,45201.89
2019,2019HU0646960,17,2100,123,1,32400.0,,1010145,6.0,5.0,0.0,,,1,1,0,0,0,0,1,0,0,0,0,0,0.0,0.0,0.0,0,0,123.0,32728.698,0,1_adult_0_child,1,33838.68
2019,2019HU0649286,17,2100,127,2,24000.0,24000.0,1010145,3.0,6.0,1.0,2.0,2.0,2,1,0,1,0,1,1,0,0,1,0,1,0.0,0.0,0.0,0,0,127.0,24243.48,0,1_adult_1_child,1,39683.02
2019,2019HU0656702,17,2100,167,1,0.0,,1010145,4.0,9.0,0.0,,,1,1,1,0,0,0,1,0,0,0,1,0,0.0,0.0,1.0,0,0,167.0,0.0,0,1_adult_0_child,1,33838.68
2019,2019HU0660933,17,2100,36,2,42000.0,,1010145,5.0,12.0,0.0,,,2,2,0,2,0,2,1,0,0,1,0,1,0.0,0.0,0.0,0,0,36.0,42426.09,0,2_adult_0_child,1,45201.89
2019,2019HU0675323,17,2100,149,3,6000.0,6000.0,1010145,2.0,10.0,2.0,3.0,2.0,3,1,0,2,0,1,1,0,0,1,0,1,0.0,0.0,0.0,0,0,149.0,6060.87,0,1_adult_2plus_child,1,53816.98
2019,2019HU0678855,17,2100,140,3,30500.0,30500.0,1010145,3.0,7.0,0.0,3.0,4.0,3,3,1,0,0,2,1,0,0,0,1,1,0.0,0.0,0.3333333333333333,0,0,140.0,30809.4225,0,3plus_adult_0_child,1,55415.09
2019,2019HU0681267,17,2100,141,1,14000.0,,1010145,6.0,5.0,0.0,,,1,1,1,1,1,1,1,1,1,1,1,1,1.0,1.0,1.0,1,0,141.0,14142.03,0,1_adult_0_child,1,33838.68
2019,2019HU0688560,17,2100,143,1,32590.0,,1010145,4.0,9.0,0.0,,,1,1,1,1,1,1,1,1,1,1,1,1,1.0,1.0,1.0,1,0,143.0,32920.62555,0,1_adult_0_child,1,33838.68
2019,2019HU0691190,17,2100,471,4,26000.0,26000.0,1010145,3.0,6.0,3.0,4.0,3.0,4,1,0,3,0,1,1,0,0,1,0,1,0.0,0.0,0.0,0,0,471.0,26263.77,0,1_adult_2plus_child,1,53816.98
2019,2019HU0696863,17,2100,186,4,22500.0,22500.0,1010145,3.0,6.0,3.0,4.0,3.0,4,1,0,2,0,1,1,0,0,1,0,1,0.0,0.0,0.0,0,0,186.0,22728.2625,0,1_adult_2plus_child,1,53816.98
2019,2019HU0698214,17,2100,51,2,35900.0,35900.0,1010145,3.0,7.0,0.0,2.0,4.0,2,2,0,0,0,0,1,0,0,0,0,0,0.0,0.0,0.0,0,0,51.0,36264.2055,0,2_adult_0_child,1,45201.89
2019,2019HU0700168,17,2100,59,2,39000.0,,1010145,5.0,12.0,0.0,,,2,2,0,2,0,2,1,0,0,1,0,1,0.0,0.0,0.0,0,0,59.0,39395.655,0,2_adult_0_child,1,45201.89
2019,2019HU0700751,17,2100,206,2,25000.0,,1010145,7.0,4.0,0.0,,,2,2,0,0,0,1,1,0,0,0,0,1,0.0,0.0,0.0,0,0,206.0,25253.625,0,2_adult_0_child,1,45201.89
2019,2019HU0701882,17,2100,193,2,20000.0,20000.0,1010145,3.0,6.0,1.0,2.0,2.0,2,1,0,1,0,1,1,0,0,1,0,1,0.0,0.0,0.0,0,0,193.0,20202.9,0,1_adult_1_child,1,39683.02
2019,2019HU0705089,17,2100,106,2,3050.0,,1010145,7.0,8.0,0.0,,,2,2,2,2,2,2,1,1,1,1,1,1,1.0,1.0,1.0,1,0,106.0,3080.94225,0,2_adult_0_child,1,45201.89
2019,2019HU0705740,17,2100,267,1,28000.0,,1010145,6.0,5.0,0.0,,,1,1,1,1,1,1,1,1,1,1,1,1,1.0,1.0,1.0,1,0,267.0,28284.06,0,1_adult_0_child,1,33838.68
2019,2019HU0713453,17,2100,109,2,40300.0,40300.0,1010145,1.0,2.0,0.0,2.0,4.0,2,2,0,1,0,0,1,0,0,1,0,0,0.0,0.0,0.0,0,0,109.0,40708.8435,0,2_adult_0_child,1,45201.89
2019,2019HU0714003,17,2100,75,1,15950.0,,1010145,6.0,5.0,0.0,,,1,1,0,0,0,0,1,0,0,0,0,0,0.0,0.0,0.0,0,0,75.0,16111.81275,0,1_adult_0_child,1,33838.68
2019,2019HU0717368,17,2100,76,1,25000.0,,1010145,6.0,5.0,0.0,,,1,1,0,0,0,1,1,0,0,0,0,1,0.0,0.0,0.0,0,0,76.0,25253.625,0,1_adult_0_child,1,33838.68
2019,2019HU0728477,17,2100,234,1,24000.0,,1010145,6.0,5.0,0.0,,,1,1,0,0,0,0,1,0,0,0,0,0,0.0,0.0,0.0,0,0,234.0,24243.48,0,1_adult_0_child,1,33838.68
2019,2019HU0729137,17,2100,150,3,22800.0,22800.0,1010145,3.0,6.0,2.0,3.0,2.0,3,1,0,2,0,1,1,0,0,1,0,1,0.0,0.0,0.0,0,0,150.0,23031.306,0,1_adult_2plus_child,1,53816.98
2019,2019HU0731065,17,2100,72,2,19200.0,,1010145,5.0,12.0,0.0,,,2,2,2,2,2,2,1,1,1,1,1,1,1.0,1.0,1.0,1,0,72.0,19394.784,0,2_adult_0_child,1,45201.89
2019,2019HU0736444,17,2100,150,3,52000.0,52000.0,1010145,1.0,1.0,1.0,3.0,2.0,3,2,0,2,0,2,1,0,0,1,0,1,0.0,0.0,0.0,0,0,150.0,52527.54,0,2_adult_1_child,1,54273.58
2019,2019HU0736717,17,2100,150,1,21520.0,,1010145,6.0,5.0,0.0,,,1,1,0,0,0,0,1,0,0,0,0,0,0.0,0.0,0.0,0,0,150.0,21738.3204,0,1_adult_0_child,1,33838.68
2019,2019HU0740668,17,2100,51,1,12000.0,,1010145,4.0,9.0,0.0,,,1,1,0,0,0,1,1,0,0,0,0,1,0.0,0.0,0.0,0,0,51.0,12121.74,0,1_adult_0_child,1,33838.68
2019,2019HU0742588,17,2100,23,2,41000.0,41000.0,1010145,1.0,2.0,0.0,2.0,4.0,2,2,0,0,0,2,1,0,0,0,0,1,0.0,0.0,0.0,0,0,23.0,41415.945,0,2_adult_0_child,1,45201.89
2019,2019HU0743628,17,2100,18,2,8500.0,8500.0,1010145,1.0,2.0,0.0,2.0,4.0,2,2,0,0,0,1,1,0,0,0,0,1,0.0,0.0,0.0,0,0,18.0,8586.2325,0,2_adult_0_child,1,45201.89
2019,2019HU0744077,17,2100,176,5,11700.0,,1010145,5.0,12.0,0.0,,,5,5,5,5,5,1,1,1,1,1,1,1,1.0,1.0,1.0,1,0,176.0,11818.6965,0,3plus_adult_0_child,1,55415.09
2019,2019HU0747494,17,2100,20,1,12300.0,,1010145,6.0,5.0,0.0,,,1,1,0,0,0,0,1,0,0,0,0,0,0.0,0.0,0.0,0,0,20.0,12424.7835,0,1_adult_0_child,1,33838.68
2019,2019HU0751461,17,2100,52,2,30000.0,,1010145,5.0,12.0,0.0,,,2,2,2,2,2,2,1,1,1,1,1,1,1.0,1.0,1.0,1,0,52.0,30304.35,0,2_adult_0_child,1,45201.89
2019,2019HU0763313,17,2100,113,4,38000.0,38000.0,1010145,1.0,1.0,2.0,4.0,3.0,4,2,0,2,0,2,1,0,0,1,0,1,0.0,0.0,0.0,0,0,113.0,38385.51,0,2_adult_2plus_child,1,62274.53
2019,2019HU0763880,17,2100,58,2,15180.0,,1010145,7.0,8.0,0.0,,,2,2,0,0,0,0,1,0,0,0,0,0,0.0,0.0,0.0,0,0,58.0,15334.0011,0,2_adult_0_child,1,45201.89
2019,2019HU0770068,17,2100,63,1,28500.0,,1010145,6.0,5.0,0.0,,,1,1,0,0,0,1,1,0,0,0,0,1,0.0,0.0,0.0,0,0,63.0,28789.1325,0,1_adult_0_child,1,33838.68
2019,2019HU0811973,17,2100,89,1,8800.0,,1010145,6.0,5.0,0.0,,,1,1,0,0,0,0,1,0,0,0,0,0,0.0,0.0,0.0,0,0,89.0,8889.276,0,1_adult_0_child,1,33838.68
2019,2019HU0788784,17,2100,187,2,0.0,,1010145,7.0,4.0,0.0,,,2,2,2,2,2,0,1,1,1,1,1,0,1.0,1.0,1.0,1,1,187.0,0.0,1,2_adult_0_child,1,45201.89
2019,2019HU0791105,17,2100,120,1,20000.0,,1010145,4.0,9.0,0.0,,,1,1,1,1,1,1,1,1,1,1,1,1,1.0,1.0,1.0,1,0,120.0,20202.9,0,1_adult_0_child,1,33838.68
2019,2019HU0792990,17,2100,23,1,30000.0,,1010145,6.0,5.0,0.0,,,1,1,0,0,0,0,1,0,0,0,0,0,0.0,0.0,0.0,0,0,23.0,30304.35,0,1_adult_0_child,1,33838.68
2019,2019HU0794814,17,2100,376,1,0.0,,1010145,4.0,9.0,0.0,,,1,1,0,1,0,0,1,0,0,1,0,0,0.0,0.0,0.0,0,0,376.0,0.0,0,1_adult_0_child,1,33838.68
2019,2019HU0796126,17,2100,109,1,9500.0,,1010145,4.0,9.0,0.0,,,1,1,0,0,0,0,1,0,0,0,0,0,0.0,0.0,0.0,0,0,109.0,9596.3775,0,1_adult_0_child,1,33838.68
2019,2019HU0801979,17,2100,51,1,10700.0,,1010145,4.0,9.0,0.0,,,1,1,0,0,0,0,1,0,0,0,0,0,0.0,0.0,0.0,0,0,51.0,10808.5515,0,1_adult_0_child,1,33838.68
2019,2019HU0809114,17,2100,16,1,24900.0,,1010145,6.0,5.0,0.0,,,1,1,0,0,0,1,1,0,0,0,0,1,0.0,0.0,0.0,0,0,16.0,25152.6105,0,1_adult_0_child,1,33838.68
2019,2019HU0810727,17,2100,49,2,330.0,330.0,1010145,3.0,6.0,1.0,2.0,2.0,2,1,0,1,0,0,1,0,0,1,0,0,0.0,0.0,0.0,0,0,49.0,333.34785,0,1_adult_1_child,1,39683.02
2019,2019HU0832187,17,2100,9,1,12500.0,,1010145,6.0,5.0,0.0,,,1,1,0,0,0,0,1,0,0,0,0,0,0.0,0.0,0.0,0,0,9.0,12626.8125,0,1_adult_0_child,1,33838.68
2019,2019HU0837979,17,2100,30,1,20000.0,,1010145,4.0,9.0,0.0,,,1,1,1,1,1,1,1,1,1,1,1,1,1.0,1.0,1.0,1,0,30.0,20202.9,0,1_adult_0_child,1,33838.68
2019,2019HU0839790,17,2100,70,1,100.0,,1010145,4.0,9.0,0.0,,,1,1,0,0,0,1,1,0,0,0,0,1,0.0,0.0,0.0,0,0,70.0,101.0145,0,1_adult_0_child,1,33838.68
2019,2019HU0841144,17,2100,37,3,38600.0,38600.0,1010145,1.0,1.0,1.0,3.0,2.0,3,2,0,1,0,3,1,0,0,1,0,1,0.0,0.0,0.0,0,0,37.0,38991.597,0,2_adult_1_child,1,54273.58
2019,2019HU0844117,17,2100,54,3,790.0,,1010145,7.0,8.0,0.0,,,3,3,3,2,2,0,1,0,1,1,1,0,0.6666666666666666,0.6666666666666666,1.0,1,1,54.0,798.01455,1,3plus_adult_0_child,1,55415.09
2019,2019HU0855109,17,2100,300,1,19650.0,,1010145,6.0,5.0,0.0,,,1,1,0,0,0,0,1,0,0,0,0,0,0.0,0.0,0.0,0,0,300.0,19849.34925,0,1_adult_0_child,1,33838.68
2019,2019HU0856356,17,2100,70,2,43490.0,43490.0,1010145,3.0,7.0,0.0,2.0,4.0,2,2,0,0,0,1,1,0,0,0,0,1,0.0,0.0,0.0,0,0,70.0,43931.20605,0,2_adult_0_child,1,45201.89
2019,2019HU0856505,17,2100,139,1,30500.0,,1010145,4.0,9.0,0.0,,,1,1,0,1,0,1,1,0,0,1,0,1,0.0,0.0,0.0,0,0,139.0,30809.4225,0,1_adult_0_child,1,33838.68
2019,2019HU0858423,17,2100,65,1,24000.0,,1010145,4.0,9.0,0.0,,,1,1,0,0,0,1,1,0,0,0,0,1,0.0,0.0,0.0,0,0,65.0,24243.48,0,1_adult_0_child,1,33838.68
2019,2019HU0859790,17,2100,263,5,43910.0,39000.0,1010145,2.0,3.0,3.0,4.0,2.0,5,2,0,3,0,2,1,0,0,1,0,1,0.0,0.0,0.0,0,0,263.0,44355.46695,0,2_adult_2plus_child,1,62274.53
2019,2019HU0860149,17,2100,69,1,15000.0,,1010145,4.0,9.0,0.0,,,1,1,0,0,0,0,1,0,0,0,0,0,0.0,0.0,0.0,0,0,69.0,15152.175,0,1_adult_0_child,1,33838.68
2019,2019HU0863432,17,2100,162,5,48920.0,25920.0,1010145,2.0,11.0,0.0,4.0,2.0,5,4,1,2,1,1,1,0,1,1,1,1,0.2,0.25,0.2,0,0,162.0,49416.2934,0,3plus_adult_0_child,1,55415.09
2019,2019HU0867220,17,2100,30,3,43800.0,43800.0,1010145,3.0,7.0,0.0,3.0,2.0,3,2,0,1,0,1,1,0,0,1,0,1,0.0,0.0,0.0,0,0,30.0,44244.351,0,2_adult_0_child,1,45201.89
2019,2019HU0874794,17,2100,82,1,20400.0,,1010145,6.0,5.0,0.0,,,1,1,0,1,0,1,1,0,0,1,0,1,0.0,0.0,0.0,0,0,82.0,20606.958,0,1_adult_0_child,1,33838.68
2019,2019HU0878035,17,2100,111,2,35200.0,,1010145,5.0,12.0,0.0,,,2,2,0,0,0,1,1,0,0,0,0,1,0.0,0.0,0.0,0,0,111.0,35557.104,0,2_adult_0_child,1,45201.89
2019,2019HU0882103,17,2100,38,3,27000.0,27000.0,1010145,1.0,1.0,1.0,3.0,1.0,3,2,1,1,1,1,1,0,1,1,1,1,0.3333333333333333,0.5,0.3333333333333333,1,0,38.0,27273.915,0,2_adult_1_child,1,54273.58
2019,2019HU0883852,17,2100,13,2,0.0,0.0,1010145,1.0,2.0,0.0,2.0,4.0,2,2,0,0,0,0,1,0,0,0,0,0,0.0,0.0,0.0,0,0,13.0,0.0,0,2_adult_0_child,1,45201.89
2019,2019HU0894059,17,2100,30,1,18800.0,,1010145,4.0,9.0,0.0,,,1,1,0,0,0,0,1,0,0,0,0,0,0.0,0.0,0.0,0,0,30.0,18990.726,0,1_adult_0_child,1,33838.68
2019,2019HU0895220,17,2100,103,5,28000.0,28000.0,1010145,1.0,1.0,2.0,5.0,2.0,5,3,1,1,0,1,1,0,0,1,1,1,0.0,0.0,0.2,0,0,103.0,28284.06,0,3plus_adult_1plus_child,1,63384.91
2019,2019HU0895688,17,2100,175,1,5200.0,,1010145,6.0,5.0,0.0,,,1,1,1,1,1,1,1,1,1,1,1,1,1.0,1.0,1.0,1,0,175.0,5252.754,0,1_adult_0_child,1,33838.68
2019,2019HU0897469,17,2100,13,5,46500.0,46500.0,1010145,1.0,2.0,0.0,5.0,2.0,5,4,2,2,1,3,1,0,1,1,1,1,0.2,0.25,0.4,0,0,13.0,46971.7425,0,3plus_adult_0_child,1,55415.09
2019,2019HU0898092,17,2100,101,1,31800.0,,1010145,6.0,5.0,0.0,,,1,1,0,0,0,0,1,0,0,0,0,0,0.0,0.0,0.0,0,0,101.0,32122.611,0,1_adult_0_child,1,33838.68
2019,2019HU0898321,17,2100,121,1,24000.0,,1010145,4.0,9.0,0.0,,,1,1,0,1,0,1,1,0,0,1,0,1,0.0,0.0,0.0,0,0,121.0,24243.48,0,1_adult_0_child,1,33838.68
2019,2019HU0924006,17,2100,249,2,40000.0,,1010145,7.0,8.0,0.0,,,2,2,1,1,0,2,1,0,0,1,1,1,0.0,0.0,0.5,0,0,249.0,40405.8,0,2_adult_0_child,1,45201.89
2019,2019HU0929665,17,2100,68,2,31000.0,31000.0,1010145,3.0,6.0,1.0,2.0,1.0,2,1,0,1,0,1,1,0,0,1,0,1,0.0,0.0,0.0,0,0,68.0,31314.495,0,1_adult_1_child,1,39683.02
2019,2019HU0930192,17,2100,32,2,11400.0,,1010145,5.0,12.0,0.0,,,2,2,0,1,0,1,1,0,0,1,0,1,0.0,0.0,0.0,0,0,32.0,11515.653,0,2_adult_0_child,1,45201.89
2019,2019HU0938806,17,2100,85,1,12000.0,,1010145,6.0,5.0,0.0,,,1,1,0,0,0,1,1,0,0,0,0,1,0.0,0.0,0.0,0,0,85.0,12121.74,0,1_adult_0_child,1,33838.68
2019,2019HU0943933,17,2100,116,1,11800.0,,1010145,6.0,5.0,0.0,,,1,1,0,0,0,0,1,0,0,0,0,0,0.0,0.0,0.0,0,0,116.0,11919.711,0,1_adult_0_child,1,33838.68
2019,2019HU0947921,17,2100,12,1,25700.0,,1010145,4.0,9.0,0.0,,,1,1,0,0,0,0,1,0,0,0,0,0,0.0,0.0,0.0,0,0,12.0,25960.7265,0,1_adult_0_child,1,33838.68
2019,2019HU0950295,17,2100,96,1,27800.0,,1010145,6.0,5.0,0.0,,,1,1,0,0,0,0,1,0,0,0,0,0,0.0,0.0,0.0,0,0,96.0,28082.031,0,1_adult_0_child,1,33838.68
2019,2019HU0970263,17,2100,99,3,2400.0,2400.0,1010145,1.0,2.0,0.0,3.0,4.0,3,3,1,1,1,2,1,0,1,1,1,1,0.3333333333333333,0.3333333333333333,0.3333333333333333,0,0,99.0,2424.348,0,3plus_adult_0_child,1,55415.09
2019,2019HU0977414,17,2100,416,3,15000.0,15000.0,1010145,1.0,1.0,1.0,3.0,2.0,3,2,0,1,0,1,1,0,0,1,0,1,0.0,0.0,0.0,0,0,416.0,15152.175,0,2_adult_1_child,1,54273.58
2019,2019HU0977525,17,2100,61,2,39400.0,,1010145,5.0,4.0,0.0,,,2,2,0,0,0,1,1,0,0,0,0,1,0.0,0.0,0.0,0,0,61.0,39799.713,0,2_adult_0_child,1,45201.89
2019,2019HU0985066,17,2100,214,3,2000.0,,1010145,5.0,12.0,0.0,,,3,3,3,2,2,1,1,0,1,1,1,1,0.6666666666666666,0.6666666666666666,1.0,1,0,214.0,2020.29,0,3plus_adult_0_child,1,55415.09
2019,2019HU0986534,17,2100,13,3,34100.0,34100.0,1010145,1.0,1.0,1.0,3.0,1.0,3,2,0,0,0,2,1,0,0,0,0,1,0.0,0.0,0.0,0,0,13.0,34445.9445,0,2_adult_1_child,1,54273.58
2019,2019HU0989288,17,2100,127,2,33000.0,33000.0,1010145,1.0,2.0,0.0,2.0,4.0,2,2,0,0,0,0,1,0,0,0,0,0,0.0,0.0,0.0,0,0,127.0,33334.785,0,2_adult_0_child,1,45201.89
2019,2019HU0997499,17,2100,122,2,36000.0,36000.0,1010145,1.0,2.0,0.0,2.0,4.0,2,2,0,0,0,1,1,0,0,0,0,1,0.0,0.0,0.0,0,0,122.0,36365.22,0,2_adult_0_child,1,45201.89
2019,2019HU1003050,17,2100,74,6,35600.0,35600.0,1010145,1.0,1.0,1.0,6.0,2.0,6,5,2,1,0,2,1,0,0,1,1,1,0.0,0.0,0.3333333333333333,0,0,74.0,35961.162,0,3plus_adult_1plus_child,1,63384.91
2019,2019HU1003988,17,2100,636,2,35000.0,35000.0,1010145,1.0,2.0,0.0,2.0,4.0,2,2,0,0,0,2,1,0,0,0,0,1,0.0,0.0,0.0,0,0,636.0,35355.075,0,2_adult_0_child,1,45201.89
2019,2019HU1011125,17,2100,88,2,15000.0,15000.0,1010145,1.0,2.0,0.0,2.0,4.0,2,2,0,0,0,1,1,0,0,0,0,1,0.0,0.0,0.0,0,0,88.0,15152.175,0,2_adult_0_child,1,45201.89
2019,2019HU1018818,17,2100,95,1,13000.0,,1010145,6.0,5.0,0.0,,,1,1,0,0,0,0,1,0,0,0,0,0,0.0,0.0,0.0,0,0,95.0,13131.885,0,1_adult_0_child,1,33838.68
2019,2019HU1019400,17,2100,122,9,14100.0,,1010145,5.0,12.0,0.0,,,9,9,9,9,9,2,1,1,1,1,1,1,1.0,1.0,1.0,1,0,122.0,14243.0445,0,3plus_adult_0_child,1,55415.09
2019,2019HU1026967,17,2100,74,2,43500.0,43500.0,1010145,1.0,2.0,0.0,2.0,4.0,2,2,0,0,0,0,1,0,0,0,0,0,0.0,0.0,0.0,0,0,74.0,43941.3075,0,2_adult_0_child,1,45201.89
2019,2019HU1030269,17,2100,27,1,22000.0,,1010145,4.0,9.0,0.0,,,1,1,0,0,0,1,1,0,0,0,0,1,0.0,0.0,0.0,0,0,27.0,22223.19,0,1_adult_0_child,1,33838.68
2019,2019HU1031299,17,2100,333,2,33300.0,,1010145,5.0,12.0,0.0,,,2,2,1,2,1,2,1,1,1,1,1,1,0.5,0.5,0.5,1,0,333.0,33637.8285,0,2_adult_0_child,1,45201.89
2019,2019HU1032119,17,2100,113,1,14000.0,,1010145,4.0,9.0,0.0,,,1,1,0,0,0,0,1,0,0,0,0,0,0.0,0.0,0.0,0,0,113.0,14142.03,0,1_adult_0_child,1,33838.68
2019,2019HU1035861,17,2100,58,4,37600.0,,1010145,7.0,8.0,0.0,,,4,4,4,4,4,4,1,1,1,1,1,1,1.0,1.0,1.0,1,0,58.0,37981.452,0,3plus_adult_0_child,1,55415.09
2019,2019HU1037186,17,2100,184,2,21000.0,21000.0,1010145,1.0,2.0,0.0,2.0,4.0,2,2,0,0,0,0,1,0,0,0,0,0,0.0,0.0,0.0,0,0,184.0,21213.045,0,2_adult_0_child,1,45201.89
2019,2019HU1037224,17,2100,18,2,30500.0,30500.0,1010145,1.0,2.0,0.0,2.0,4.0,2,2,0,0,0,1,1,0,0,0,0,1,0.0,0.0,0.0,0,0,18.0,30809.4225,0,2_adult_0_child,1,45201.89
2019,2019HU1040656,17,2100,149,1,26000.0,,1010145,4.0,9.0,0.0,,,1,1,0,1,0,0,1,0,0,1,0,0,0.0,0.0,0.0,0,0,149.0,26263.77,0,1_adult_0_child,1,33838.68
2019,2019HU1040963,17,2100,55,2,37100.0,37100.0,1010145,1.0,2.0,0.0,2.0,4.0,2,2,0,0,0,1,1,0,0,0,0,1,0.0,0.0,0.0,0,0,55.0,37476.3795,0,2_adult_0_child,1,45201.89
2019,2019HU1042837,17,2100,191,2,18900.0,18900.0,1010145,1.0,2.0,0.0,2.0,4.0,2,2,0,0,0,1,1,0,0,0,0,1,0.0,0.0,0.0,0,0,191.0,19091.7405,0,2_adult_0_child,1,45201.89
2019,2019HU1054734,17,2100,116,1,20000.0,,1010145,4.0,9.0,0.0,,,1,1,1,1,1,0,1,1,1,1,1,0,1.0,1.0,1.0,1,1,116.0,20202.9,1,1_adult_0_child,1,33838.68
2019,2019HU1061422,17,2100,172,2,33500.0,,1010145,7.0,4.0,0.0,,,2,2,0,2,0,2,1,0,0,1,0,1,0.0,0.0,0.0,0,0,172.0,33839.8575,0,2_adult_0_child,1,45201.89
2019,2019HU1065398,17,2100,114,2,41500.0,41500.0,1010145,1.0,2.0,0.0,2.0,4.0,2,2,0,0,0,1,1,0,0,0,0,1,0.0,0.0,0.0,0,0,114.0,41921.0175,0,2_adult_0_child,1,45201.89
2019,2019HU1067015,17,2100,319,1,28000.0,,1010145,4.0,9.0,0.0,,,1,1,0,0,0,1,1,0,0,0,0,1,0.0,0.0,0.0,0,0,319.0,28284.06,0,1_adult_0_child,1,33838.68
2019,2019HU1068098,17,2100,87,1,12000.0,,1010145,6.0,5.0,0.0,,,1,1,0,0,0,1,1,0,0,0,0,1,0.0,0.0,0.0,0,0,87.0,12121.74,0,1_adult_0_child,1,33838.68
2019,2019HU1074294,17,2100,114,1,22400.0,,1010145,6.0,5.0,0.0,,,1,1,0,0,0,0,1,0,0,0,0,0,0.0,0.0,0.0,0,0,114.0,22627.248,0,1_adult_0_child,1,33838.68
2019,2019HU1074332,17,2100,322,4,40000.0,40000.0,1010145,1.0,1.0,2.0,4.0,2.0,4,2,0,2,0,1,1,0,0,1,0,1,0.0,0.0,0.0,0,0,322.0,40405.8,0,2_adult_2plus_child,1,62274.53
2019,2019HU1086231,17,2100,65,2,16000.0,,1010145,7.0,4.0,0.0,,,2,2,2,0,0,1,1,0,0,0,1,1,0.0,0.0,1.0,0,0,65.0,16162.32,0,2_adult_0_child,1,45201.89
2019,2019HU1087766,17,2100,79,3,52400.0,52400.0,1010145,1.0,2.0,0.0,3.0,4.0,3,3,0,0,0,1,1,0,0,0,0,1,0.0,0.0,0.0,0,0,79.0,52931.598,0,3plus_adult_0_child,1,55415.09
2019,2019HU1089476,17,2100,13,1,32000.0,,1010145,4.0,9.0,0.0,,,1,1,0,0,0,1,1,0,0,0,0,1,0.0,0.0,0.0,0,0,13.0,32324.64,0,1_adult_0_child,1,33838.68
2019,2019HU1091328,17,2100,91,4,17700.0,17700.0,1010145,3.0,6.0,3.0,4.0,2.0,4,1,0,3,0,1,1,0,0,1,0,1,0.0,0.0,0.0,0,0,91.0,17879.5665,0,1_adult_2plus_child,1,53816.98
2019,2019HU1094662,17,2100,300,1,10000.0,,1010145,4.0,9.0,0.0,,,1,1,1,1,1,1,1,1,1,1,1,1,1.0,1.0,1.0,1,0,300.0,10101.45,0,1_adult_0_child,1,33838.68
2019,2019HU1103009,17,2100,20,4,42900.0,42900.0,1010145,3.0,6.0,3.0,4.0,1.0,4,1,0,1,0,1,1,0,0,1,0,1,0.0,0.0,0.0,0,0,20.0,43335.2205,0,1_adult_2plus_child,1,53816.98
2019,2019HU1103905,17,2100,21,2,22200.0,22200.0,1010145,1.0,2.0,0.0,2.0,4.0,2,2,0,0,0,0,1,0,0,0,0,0,0.0,0.0,0.0,0,0,21.0,22425.219,0,2_adult_0_child,1,45201.89
2019,2019HU1106322,17,2100,13,3,54100.0,54100.0,1010145,1.0,2.0,0.0,3.0,4.0,3,3,1,1,0,2,1,0,0,1,1,1,0.0,0.0,0.3333333333333333,0,0,13.0,54648.8445,0,3plus_adult_0_child,1,55415.09
2019,2019HU1116194,17,2100,432,3,2600.0,2600.0,1010145,2.0,11.0,0.0,3.0,4.0,3,3,1,0,0,0,1,0,0,0,1,0,0.0,0.0,0.3333333333333333,0,0,432.0,2626.377,0,3plus_adult_0_child,1,55415.09
2019,2019HU1126538,17,2100,19,1,32000.0,,1010145,6.0,5.0,0.0,,,1,1,0,0,0,0,1,0,0,0,0,0,0.0,0.0,0.0,0,0,19.0,32324.64,0,1_adult_0_child,1,33838.68
2019,2019HU1128506,17,2100,51,1,0.0,,1010145,4.0,9.0,0.0,,,1,1,0,0,0,0,1,0,0,0,0,0,0.0,0.0,0.0,0,0,51.0,0.0,0,1_adult_0_child,1,33838.68
2019,2019HU1130743,17,2100,91,3,42000.0,42000.0,1010145,3.0,6.0,2.0,3.0,3.0,3,1,0,2,0,0,1,0,0,1,0,0,0.0,0.0,0.0,0,0,91.0,42426.09,0,1_adult_2plus_child,1,53816.98
2019,2019HU1134024,17,2100,271,1,9000.0,,1010145,4.0,9.0,0.0,,,1,1,1,1,1,1,1,1,1,1,1,1,1.0,1.0,1.0,1,0,271.0,9091.305,0,1_adult_0_child,1,33838.68
2019,2019HU1140245,17,2100,132,1,30000.0,,1010145,4.0,9.0,0.0,,,1,1,1,0,0,1,1,0,0,0,1,1,0.0,0.0,1.0,0,0,132.0,30304.35,0,1_adult_0_child,1,33838.68
2019,2019HU1146526,17,2100,78,1,23000.0,,1010145,6.0,5.0,0.0,,,1,1,0,1,0,1,1,0,0,1,0,1,0.0,0.0,0.0,0,0,78.0,23233.335,0,1_adult_0_child,1,33838.68
2019,2019HU1147509,17,2100,171,1,24000.0,,1010145,4.0,9.0,0.0,,,1,1,0,0,0,1,1,0,0,0,0,1,0.0,0.0,0.0,0,0,171.0,24243.48,0,1_adult_0_child,1,33838.68
2019,2019HU1151625,17,2100,412,1,17200.0,,1010145,6.0,5.0,0.0,,,1,1,0,0,0,1,1,0,0,0,0,1,0.0,0.0,0.0,0,0,412.0,17374.494,0,1_adult_0_child,1,33838.68
2019,2019HU1154482,17,2100,19,2,38000.0,38000.0,1010145,3.0,7.0,0.0,2.0,4.0,2,2,1,1,1,2,1,0,1,1,1,1,0.5,0.5,0.5,1,0,19.0,38385.51,0,2_adult_0_child,1,45201.89
2019,2019HU1171255,17,2100,122,3,26000.0,26000.0,1010145,1.0,1.0,1.0,3.0,1.0,3,2,0,1,0,2,1,0,0,1,0,1,0.0,0.0,0.0,0,0,122.0,26263.77,0,2_adult_1_child,1,54273.58
2019,2019HU1174394,17,2100,212,2,14000.0,,1010145,7.0,4.0,0.0,,,2,2,2,1,1,2,1,1,1,1,1,1,0.5,0.5,1.0,1,0,212.0,14142.03,0,2_adult_0_child,1,45201.89
2019,2019HU1197870,17,2100,504,5,52360.0,19960.0,1010145,3.0,3.0,2.0,4.0,2.0,5,3,1,2,0,3,1,0,0,1,1,1,0.0,0.0,0.2,0,0,504.0,52891.1922,0,3plus_adult_1plus_child,1,63384.91
2019,2019HU1198246,17,2100,136,5,34200.0,34200.0,1010145,1.0,1.0,3.0,5.0,3.0,5,2,0,3,0,2,1,0,0,1,0,1,0.0,0.0,0.0,0,0,136.0,34546.959,0,2_adult_2plus_child,1,62274.53
2019,2019HU1217741,17,2100,132,1,23100.0,,1010145,6.0,5.0,0.0,,,1,1,0,0,0,1,1,0,0,0,0,1,0.0,0.0,0.0,0,0,132.0,23334.3495,0,1_adult_0_child,1,33838.68
2019,2019HU1221349,17,2100,99,2,16000.0,16000.0,1010145,1.0,2.0,0.0,2.0,4.0,2,2,0,1,0,1,1,0,0,1,0,1,0.0,0.0,0.0,0,0,99.0,16162.32,0,2_adult_0_child,1,45201.89
2019,2019HU1244803,17,2100,67,2,0.0,,1010145,7.0,8.0,0.0,,,2,2,2,2,2,0,1,1,1,1,1,0,1.0,1.0,1.0,1,1,67.0,0.0,1,2_adult_0_child,1,45201.89
2019,2019HU1244939,17,2100,11,1,14400.0,,1010145,6.0,5.0,0.0,,,1,1,0,0,0,0,1,0,0,0,0,0,0.0,0.0,0.0,0,0,11.0,14546.088,0,1_adult_0_child,1,33838.68
2019,2019HU1245462,17,2100,50,1,29000.0,,1010145,6.0,5.0,0.0,,,1,1,0,0,0,1,1,0,0,0,0,1,0.0,0.0,0.0,0,0,50.0,29294.205,0,1_adult_0_child,1,33838.68
2019,2019HU1246520,17,2100,103,1,24000.0,,1010145,4.0,9.0,0.0,,,1,1,0,1,0,1,1,0,0,1,0,1,0.0,0.0,0.0,0,0,103.0,24243.48,0,1_adult_0_child,1,33838.68
2019,2019HU1247182,17,2100,167,1,9300.0,,1010145,6.0,5.0,0.0,,,1,1,0,0,0,0,1,0,0,0,0,0,0.0,0.0,0.0,0,0,167.0,9394.3485,0,1_adult_0_child,1,33838.68
2019,2019HU1247502,17,2100,98,2,40000.0,40000.0,1010145,2.0,11.0,0.0,2.0,4.0,2,2,0,0,0,1,1,0,0,0,0,1,0.0,0.0,0.0,0,0,98.0,40405.8,0,2_adult_0_child,1,45201.89
2019,2019HU1249653,17,2100,13,3,27700.0,27700.0,1010145,1.0,1.0,1.0,3.0,1.0,3,2,0,0,0,1,1,0,0,0,0,1,0.0,0.0,0.0,0,0,13.0,27981.0165,0,2_adult_1_child,1,54273.58
2019,2019HU1252923,17,2100,94,1,12300.0,,1010145,4.0,9.0,0.0,,,1,1,0,0,0,1,1,0,0,0,0,1,0.0,0.0,0.0,0,0,94.0,12424.7835,0,1_adult_0_child,1,33838.68
2019,2019HU1310091,17,2100,8,1,1700.0,,1010145,4.0,9.0,0.0,,,1,1,0,0,0,0,1,0,0,0,0,0,0.0,0.0,0.0,0,0,8.0,1717.2465,0,1_adult_0_child,1,33838.68
2019,2019HU1261252,17,2100,77,7,40000.0,40000.0,1010145,1.0,1.0,5.0,7.0,3.0,7,2,0,4,0,1,1,0,0,1,0,1,0.0,0.0,0.0,0,0,77.0,40405.8,0,2_adult_2plus_child,1,62274.53
2019,2019HU1270205,17,2100,77,2,38000.0,38000.0,1010145,1.0,2.0,0.0,2.0,4.0,2,2,0,2,0,2,1,0,0,1,0,1,0.0,0.0,0.0,0,0,77.0,38385.51,0,2_adult_0_child,1,45201.89
2019,2019HU1270347,17,2100,195,1,0.0,,1010145,6.0,5.0,0.0,,,1,1,0,0,0,0,1,0,0,0,0,0,0.0,0.0,0.0,0,0,195.0,0.0,0,1_adult_0_child,1,33838.68
2019,2019HU1276791,17,2100,110,1,18200.0,,1010145,6.0,5.0,0.0,,,1,1,0,0,0,0,1,0,0,0,0,0,0.0,0.0,0.0,0,0,110.0,18384.639,0,1_adult_0_child,1,33838.68
2019,2019HU1277862,17,2100,70,1,16000.0,,1010145,4.0,9.0,0.0,,,1,1,0,1,0,1,1,0,0,1,0,1,0.0,0.0,0.0,0,0,70.0,16162.32,0,1_adult_0_child,1,33838.68
2019,2019HU1282707,17,2100,54,1,29000.0,,1010145,4.0,9.0,0.0,,,1,1,0,1,0,1,1,0,0,1,0,1,0.0,0.0,0.0,0,0,54.0,29294.205,0,1_adult_0_child,1,33838.68
2019,2019HU1282861,17,2100,167,2,29200.0,,1010145,7.0,8.0,0.0,,,2,2,2,2,2,2,1,1,1,1,1,1,1.0,1.0,1.0,1,0,167.0,29496.234,0,2_adult_0_child,1,45201.89
2019,2019HU1283462,17,2100,10,3,27200.0,27200.0,1010145,3.0,6.0,1.0,3.0,2.0,3,2,1,1,0,1,1,0,0,1,1,1,0.0,0.0,0.3333333333333333,0,0,10.0,27475.944,0,2_adult_1_child,1,54273.58
2019,2019HU1291122,17,2100,90,2,5300.0,,1010145,7.0,8.0,0.0,,,2,2,2,2,2,2,1,1,1,1,1,1,1.0,1.0,1.0,1,0,90.0,5353.7685,0,2_adult_0_child,1,45201.89
2019,2019HU1301608,17,2100,124,2,43300.0,43300.0,1010145,1.0,2.0,0.0,2.0,4.0,2,2,0,0,0,1,1,0,0,0,0,1,0.0,0.0,0.0,0,0,124.0,43739.2785,0,2_adult_0_child,1,45201.89
2019,2019HU1306140,17,2100,46,1,200.0,,1010145,4.0,9.0,0.0,,,1,1,1,1,1,0,1,1,1,1,1,0,1.0,1.0,1.0,1,1,46.0,202.029,1,1_adult_0_child,1,33838.68
2019,2019HU1313610,17,2100,109,1,8100.0,,1010145,6.0,5.0,0.0,,,1,1,0,0,0,0,1,0,0,0,0,0,0.0,0.0,0.0,0,0,109.0,8182.1745,0,1_adult_0_child,1,33838.68
2019,2019HU1314650,17,2100,137,1,23000.0,,1010145,6.0,5.0,0.0,,,1,1,0,0,0,1,1,0,0,0,0,1,0.0,0.0,0.0,0,0,137.0,23233.335,0,1_adult_0_child,1,33838.68
2019,2019HU1322777,17,2100,139,1,30000.0,,1010145,4.0,9.0,0.0,,,1,1,0,1,0,1,1,0,0,1,0,1,0.0,0.0,0.0,0,0,139.0,30304.35,0,1_adult_0_child,1,33838.68
2019,2019HU1323510,17,2100,70,1,22000.0,,1010145,4.0,9.0,0.0,,,1,1,0,0,0,1,1,0,0,0,0,1,0.0,0.0,0.0,0,0,70.0,22223.19,0,1_adult_0_child,1,33838.68
2019,2019HU1328204,17,2100,413,1,5000.0,,1010145,4.0,9.0,0.0,,,1,1,0,0,0,1,1,0,0,0,0,1,0.0,0.0,0.0,0,0,413.0,5050.725,0,1_adult_0_child,1,33838.68
2019,2019HU1340726,17,2100,12,1,22100.0,,1010145,6.0,5.0,0.0,,,1,1,0,0,0,0,1,0,0,0,0,0,0.0,0.0,0.0,0,0,12.0,22324.2045,0,1_adult_0_child,1,33838.68
2019,2019HU1340759,17,2100,99,2,0.0,0.0,1010145,1.0,2.0,0.0,2.0,4.0,2,2,0,0,0,0,1,0,0,0,0,0,0.0,0.0,0.0,0,0,99.0,0.0,0,2_adult_0_child,1,45201.89
2019,2019HU1347248,17,2100,271,1,18500.0,,1010145,6.0,5.0,0.0,,,1,1,1,1,1,1,1,1,1,1,1,1,1.0,1.0,1.0,1,0,271.0,18687.6825,0,1_adult_0_child,1,33838.68
2019,2019HU1347954,17,2100,103,1,3000.0,,1010145,4.0,9.0,0.0,,,1,1,1,1,1,1,1,1,1,1,1,1,1.0,1.0,1.0,1,0,103.0,3030.435,0,1_adult_0_child,1,33838.68
2019,2019HU1350075,17,2100,166,3,8400.0,8400.0,1010145,3.0,7.0,0.0,3.0,4.0,3,3,1,1,1,0,1,0,1,1,1,0,0.3333333333333333,0.3333333333333333,0.3333333333333333,0,0,166.0,8485.218,0,3plus_adult_0_child,1,55415.09
2019,2019HU1356547,17,2100,299,2,13600.0,,1010145,5.0,4.0,0.0,,,2,2,0,0,0,0,1,0,0,0,0,0,0.0,0.0,0.0,0,0,299.0,13737.972,0,2_adult_0_child,1,45201.89
2019,2019HU1359429,17,2100,22,2,42000.0,42000.0,1010145,1.0,2.0,0.0,2.0,4.0,2,2,0,0,0,0,1,0,0,0,0,0,0.0,0.0,0.0,0,0,22.0,42426.09,0,2_adult_0_child,1,45201.89
2019,2019HU1362634,17,2100,238,1,20300.0,,1010145,6.0,5.0,0.0,,,1,1,0,0,0,0,1,0,0,0,0,0,0.0,0.0,0.0,0,0,238.0,20505.9435,0,1_adult_0_child,1,33838.68
2019,2019HU1372157,17,2100,16,1,11700.0,,1010145,4.0,9.0,0.0,,,1,1,0,0,0,0,1,0,0,0,0,0,0.0,0.0,0.0,0,0,16.0,11818.6965,0,1_adult_0_child,1,33838.68
2019,2019HU1375534,17,2100,29,1,0.0,,1010145,6.0,5.0,0.0,,,1,1,0,0,0,0,1,0,0,0,0,0,0.0,0.0,0.0,0,0,29.0,0.0,0,1_adult_0_child,1,33838.68
2019,2019HU1376092,17,2100,124,1,33000.0,,1010145,6.0,5.0,0.0,,,1,1,0,0,0,1,1,0,0,0,0,1,0.0,0.0,0.0,0,0,124.0,33334.785,0,1_adult_0_child,1,33838.68
