year,table_code,table_family,source_type,geo_id,name,tract_geoid,statefp,countyfp,tractce,GEO_ID,NAME,S1701_C01_001E,S1701_C01_001M,S1701_C01_002E,S1701_C01_002M,S1701_C01_003E,S1701_C01_003M,S1701_C01_004E,S1701_C01_004M,S1701_C01_005E,S1701_C01_005M,S1701_C01_006E,S1701_C01_006M,S1701_C01_007E,S1701_C01_007M,S1701_C01_008E,S1701_C01_008M,S1701_C01_009E,S1701_C01_009M,S1701_C01_010E,S1701_C01_010M,S1701_C01_011E,S1701_C01_011M,S1701_C01_012E,S1701_C01_012M,S1701_C01_013E,S1701_C01_013M,S1701_C01_014E,S1701_C01_014M,S1701_C01_015E,S1701_C01_015M,S1701_C01_016E,S1701_C01_016M,S1701_C01_017E,S1701_C01_017M,S1701_C01_018E,S1701_C01_018M,S1701_C01_019E,S1701_C01_019M,S1701_C01_020E,S1701_C01_020M,S1701_C01_021E,S1701_C01_021M,S1701_C01_022E,S1701_C01_022M,S1701_C01_023E,S1701_C01_023M,S1701_C01_024E,S1701_C01_024M,S1701_C01_025E,S1701_C01_025M,S1701_C01_026E,S1701_C01_026M,S1701_C01_027E,S1701_C01_027M,S1701_C01_028E,S1701_C01_028M,S1701_C01_029E,S1701_C01_029M,S1701_C01_030E,S1701_C01_030M,S1701_C01_031E,S1701_C01_031M,S1701_C01_032E,S1701_C01_032M,S1701_C01_033E,S1701_C01_033M,S1701_C01_034E,S1701_C01_034M,S1701_C01_035E,S1701_C01_035M,S1701_C01_036E,S1701_C01_036M,S1701_C01_037E,S1701_C01_037M,S1701_C01_038E,S1701_C01_038M,S1701_C01_039E,S1701_C01_039M,S1701_C01_040E,S1701_C01_040M,S1701_C01_041E,S1701_C01_041M,S1701_C01_042E,S1701_C01_042M,S1701_C01_043E,S1701_C01_043M,S1701_C01_044E,S1701_C01_044M,S1701_C01_045E,S1701_C01_045M,S1701_C01_046E,S1701_C01_046M,S1701_C01_047E,S1701_C01_047M,S1701_C01_048E,S1701_C01_048M,S1701_C01_049E,S1701_C01_049M,S1701_C01_050E,S1701_C01_050M,S1701_C01_051E,S1701_C01_051M,S1701_C01_052E,S1701_C01_052M,S1701_C01_053E,S1701_C01_053M,S1701_C01_054E,S1701_C01_054M,S1701_C01_055E,S1701_C01_055M,S1701_C01_056E,S1701_C01_056M,S1701_C01_057E,S1701_C01_057M,S1701_C01_058E,S1701_C01_058M,S1701_C01_059E,S1701_C01_059M,S1701_C01_060E,S1701_C01_060M,S1701_C01_061E,S1701_C01_061M,S1701_C01_062E,S1701_C01_062M,S1701_C02_001E,S1701_C02_001M,S1701_C02_002E,S1701_C02_002M,S1701_C02_003E,S1701_C02_003M,S1701_C02_004E,S1701_C02_004M,S1701_C02_005E,S1701_C02_005M,S1701_C02_006E,S1701_C02_006M,S1701_C02_007E,S1701_C02_007M,S1701_C02_008E,S1701_C02_008M,S1701_C02_009E,S1701_C02_009M,S1701_C02_010E,S1701_C02_010M,S1701_C02_011E,S1701_C02_011M,S1701_C02_012E,S1701_C02_012M,S1701_C02_013E,S1701_C02_013M,S1701_C02_014E,S1701_C02_014M,S1701_C02_015E,S1701_C02_015M,S1701_C02_016E,S1701_C02_016M,S1701_C02_017E,S1701_C02_017M,S1701_C02_018E,S1701_C02_018M,S1701_C02_019E,S1701_C02_019M,S1701_C02_020E,S1701_C02_020M,S1701_C02_021E,S1701_C02_021M,S1701_C02_022E,S1701_C02_022M,S1701_C02_023E,S1701_C02_023M,S1701_C02_024E,S1701_C02_024M,S1701_C02_025E,S1701_C02_025M,S1701_C02_026E,S1701_C02_026M,S1701_C02_027E,S1701_C02_027M,S1701_C02_028E,S1701_C02_028M,S1701_C02_029E,S1701_C02_029M,S1701_C02_030E,S1701_C02_030M,S1701_C02_031E,S1701_C02_031M,S1701_C02_032E,S1701_C02_032M,S1701_C02_033E,S1701_C02_033M,S1701_C02_034E,S1701_C02_034M,S1701_C02_035E,S1701_C02_035M,S1701_C02_036E,S1701_C02_036M,S1701_C02_037E,S1701_C02_037M,S1701_C02_038E,S1701_C02_038M,S1701_C02_039E,S1701_C02_039M,S1701_C02_040E,S1701_C02_040M,S1701_C02_041E,S1701_C02_041M,S1701_C02_042E,S1701_C02_042M,S1701_C02_043E,S1701_C02_043M,S1701_C02_044E,S1701_C02_044M,S1701_C02_045E,S1701_C02_045M,S1701_C02_046E,S1701_C02_046M,S1701_C02_047E,S1701_C02_047M,S1701_C02_048E,S1701_C02_048M,S1701_C02_049E,S1701_C02_049M,S1701_C02_050E,S1701_C02_050M,S1701_C02_051E,S1701_C02_051M,S1701_C02_052E,S1701_C02_052M,S1701_C02_053E,S1701_C02_053M,S1701_C02_054E,S1701_C02_054M,S1701_C02_055E,S1701_C02_055M,S1701_C02_056E,S1701_C02_056M,S1701_C02_057E,S1701_C02_057M,S1701_C02_058E,S1701_C02_058M,S1701_C02_059E,S1701_C02_059M,S1701_C02_060E,S1701_C02_060M,S1701_C02_061E,S1701_C02_061M,S1701_C02_062E,S1701_C02_062M,S1701_C03_001E,S1701_C03_001M,S1701_C03_002E,S1701_C03_002M,S1701_C03_003E,S1701_C03_003M,S1701_C03_004E,S1701_C03_004M,S1701_C03_005E,S1701_C03_005M,S1701_C03_006E,S1701_C03_006M,S1701_C03_007E,S1701_C03_007M,S1701_C03_008E,S1701_C03_008M,S1701_C03_009E,S1701_C03_009M,S1701_C03_010E,S1701_C03_010M,S1701_C03_011E,S1701_C03_011M,S1701_C03_012E,S1701_C03_012M,S1701_C03_013E,S1701_C03_013M,S1701_C03_014E,S1701_C03_014M,S1701_C03_015E,S1701_C03_015M,S1701_C03_016E,S1701_C03_016M,S1701_C03_017E,S1701_C03_017M,S1701_C03_018E,S1701_C03_018M,S1701_C03_019E,S1701_C03_019M,S1701_C03_020E,S1701_C03_020M,S1701_C03_021E,S1701_C03_021M,S1701_C03_022E,S1701_C03_022M,S1701_C03_023E,S1701_C03_023M,S1701_C03_024E,S1701_C03_024M,S1701_C03_025E,S1701_C03_025M,S1701_C03_026E,S1701_C03_026M,S1701_C03_027E,S1701_C03_027M,S1701_C03_028E,S1701_C03_028M,S1701_C03_029E,S1701_C03_029M,S1701_C03_030E,S1701_C03_030M,S1701_C03_031E,S1701_C03_031M,S1701_C03_032E,S1701_C03_032M,S1701_C03_033E,S1701_C03_033M,S1701_C03_034E,S1701_C03_034M,S1701_C03_035E,S1701_C03_035M,S1701_C03_036E,S1701_C03_036M,S1701_C03_037E,S1701_C03_037M,S1701_C03_038E,S1701_C03_038M,S1701_C03_039E,S1701_C03_039M,S1701_C03_040E,S1701_C03_040M,S1701_C03_041E,S1701_C03_041M,S1701_C03_042E,S1701_C03_042M,S1701_C03_043E,S1701_C03_043M,S1701_C03_044E,S1701_C03_044M,S1701_C03_045E,S1701_C03_045M,S1701_C03_046E,S1701_C03_046M,S1701_C03_047E,S1701_C03_047M,S1701_C03_048E,S1701_C03_048M,S1701_C03_049E,S1701_C03_049M,S1701_C03_050E,S1701_C03_050M,S1701_C03_051E,S1701_C03_051M,S1701_C03_052E,S1701_C03_052M,S1701_C03_053E,S1701_C03_053M,S1701_C03_054E,S1701_C03_054M,S1701_C03_055E,S1701_C03_055M,S1701_C03_056E,S1701_C03_056M,S1701_C03_057E,S1701_C03_057M,S1701_C03_058E,S1701_C03_058M,S1701_C03_059E,S1701_C03_059M,S1701_C03_060E,S1701_C03_060M,S1701_C03_061E,S1701_C03_061M,S1701_C03_062E,S1701_C03_062M,Unnamed:_374
2022,S1701,Subject Table,ST,1400000US17019000200,Census Tract 2; Champaign County; Illinois,17019000200,17,019,000200,1400000US17019000200,Census Tract 2; Champaign County; Illinois,2205,454,468,213,225,118,243,134,468,213,1540,330,898,245,642,214,247,90,197,83,1163,281,1042,260,310,155,1341,367,21,36,353,160,0,12,28,27,152,146,189,149,256,140,1159,290,155,96,427,158,351,137,226,96,977,240,882,233,518,189,364,125,95,67,50,54,45,31,1737,354,601,204,452,150,684,196,692,302,1105,359,1263,382,1597,377,1645,397,1989,433,2069,432,2159,451,769,185,444,133,325,134,0,12,0,12,419,181,117,67,39,33,61,43,31,27,56,47,46,60,11907,863,274,118,179,80,316,123,2190,452,889,355,233,210,102,102,131,128,233,210,656,228,422,180,234,135,7,11,0,12,402,181,487,223,101,104,361,250,21,36,307,163,0,12,0,12,99,133,93,131,96,104,266,140,9,17,104,74,108,81,45,42,273,108,188,90,101,70,87,58,85,68,50,54,35,33,656,228,71,61,256,129,329,130,(X),(X),(X),(X),(X),(X),(X),(X),(X),(X),(X),(X),(X),(X),(X),(X),363,158,170,72,193,116,0,12,0,12,292,156,23,23,5,9,36,35,7,11,0,12,0,12,(X),(X),15,22,112,80,236,108,881,355,40.3,13.1,49.8,31.3,45.3,33.8,53.9,31.7,49.8,31.3,42.6,12.7,47.0,14.8,36.4,18.9,2.8,4.6,0.0,16.2,34.6,13.3,46.7,15.0,32.6,25.7,26.9,16.4,100.0,67.2,87.0,9.4,-,**,0.0,58.2,65.1,38.0,49.2,40.6,37.5,28.8,23.0,11.3,5.8,11.2,24.4,18.0,30.8,18.1,19.9,14.9,27.9,10.2,21.3,9.8,19.5,13.2,23.9,13.8,89.5,20.0,100.0,43.5,77.8,38.9,37.8,11.2,11.8,9.7,56.6,17.4,48.1,15.7,(X),(X),(X),(X),(X),(X),(X),(X),(X),(X),(X),(X),(X),(X),(X),(X),47.2,15.1,38.3,16.4,59.4,19.5,-,**,-,**,69.7,19.9,19.7,20.1,12.8,24.4,59.0,39.2,22.6,38.4,0.0,41.1,0.0,45.4,(X),(X),5.5,8.7,62.6,22.0,74.7,19.9,40.2,13.2,
2022,S1701,Subject Table,ST,1400000US17019000301,Census Tract 3.01; Champaign County; Illinois,17019000301,17,019,000301,1400000US17019000301,Census Tract 3.01; Champaign County; Illinois,5854,1102,21,34,0,17,21,34,21,34,5833,1101,5743,1109,90,90,0,17,0,17,3605,1024,2249,703,3024,951,137,128,0,17,2336,594,0,17,76,112,281,144,206,152,3011,945,584,289,36,44,83,73,12,19,453,253,2256,658,2015,580,1228,540,787,337,241,157,215,157,26,42,5854,1102,570,312,2525,650,2759,993,4349,967,4998,1072,5178,1073,5421,1084,5517,1093,5794,1102,5854,1102,5854,1102,5602,1117,3427,1043,2175,702,0,17,0,17,5102,1136,486,314,0,17,14,22,0,17,0,17,0,17,11383,699,570,312,2494,649,2538,985,5854,1102,4931,1066,21,34,0,17,21,34,21,34,4910,1062,4820,1061,90,90,0,17,0,17,2836,963,2095,691,2537,874,137,128,0,17,2083,584,0,17,0,17,174,119,130,109,2524,867,268,156,36,44,25,40,12,19,195,141,1522,528,1281,448,633,368,648,333,241,157,215,157,26,42,4931,1066,201,179,2023,539,2707,993,(X),(X),(X),(X),(X),(X),(X),(X),(X),(X),(X),(X),(X),(X),(X),(X),4732,1067,2688,968,2044,692,0,17,0,17,4548,1077,170,134,0,17,14,22,0,17,0,17,0,17,(X),(X),201,179,2015,539,2516,985,4931,1066,84.2,6.4,100.0,67.2,-,**,100.0,67.2,100.0,67.2,84.2,6.4,83.9,6.4,100.0,31.1,-,**,-,**,78.7,10.0,93.2,4.6,83.9,7.8,100.0,22.3,-,**,89.2,7.5,-,**,0.0,34.9,61.9,31.2,63.1,44.1,83.8,7.8,45.9,31.7,100.0,51.3,30.1,67.1,100.0,88.8,43.0,29.0,67.5,12.4,63.6,13.3,51.5,18.1,82.3,13.7,100.0,13.5,100.0,15.0,100.0,60.4,84.2,6.4,35.3,27.9,80.1,8.0,98.1,2.4,(X),(X),(X),(X),(X),(X),(X),(X),(X),(X),(X),(X),(X),(X),(X),(X),84.5,6.4,78.4,10.3,94.0,4.6,-,**,-,**,89.1,5.5,35.0,30.3,-,**,100.0,82.2,-,**,-,**,-,**,(X),(X),35.3,27.9,80.8,8.2,99.1,1.6,84.2,6.4,
2022,S1701,Subject Table,ST,1400000US17019000302,Census Tract 3.02; Champaign County; Illinois,17019000302,17,019,000302,1400000US17019000302,Census Tract 3.02; Champaign County; Illinois,2539,480,0,12,0,12,0,12,0,12,2521,477,2309,490,212,117,39,44,18,34,1454,309,1085,445,826,284,134,108,21,27,1379,358,0,12,16,27,163,144,204,148,760,280,707,207,18,28,29,30,130,108,530,174,1343,315,1321,317,712,213,609,249,22,23,22,23,0,12,2539,480,492,181,1306,347,741,264,1205,346,1642,440,1716,439,1909,443,1954,439,2289,464,2423,476,2474,474,2478,484,1440,308,1038,451,0,12,0,12,1798,490,450,162,38,48,145,110,29,30,18,34,0,12,10273,1142,492,181,1245,360,741,264,2539,480,1605,441,0,12,0,12,0,12,0,12,1587,438,1532,454,55,65,18,34,18,34,720,205,885,454,533,267,134,108,0,12,841,323,0,12,16,27,81,62,91,68,498,267,247,143,18,28,0,12,114,107,115,84,547,273,537,277,128,84,409,250,10,16,10,16,0,12,1605,441,50,58,851,336,704,267,(X),(X),(X),(X),(X),(X),(X),(X),(X),(X),(X),(X),(X),(X),(X),(X),1571,450,720,205,851,462,0,12,0,12,1324,458,174,121,0,12,55,65,0,12,18,34,0,12,(X),(X),50,58,817,350,704,267,1605,441,63.2,9.3,-,**,-,**,-,**,-,**,63.0,9.4,66.3,9.5,25.9,28.4,46.2,53.8,100.0,72.5,49.5,10.0,81.6,13.7,64.5,15.1,100.0,22.7,0.0,67.2,61.0,13.4,-,**,100.0,76.9,49.7,50.3,44.6,37.8,65.5,16.8,34.9,16.7,100.0,72.5,0.0,57.1,87.7,23.2,21.7,14.8,40.7,15.1,40.7,15.5,18.0,10.5,67.2,21.5,45.5,54.5,45.5,54.5,-,**,63.2,9.3,10.2,11.4,65.2,12.8,95.0,5.3,(X),(X),(X),(X),(X),(X),(X),(X),(X),(X),(X),(X),(X),(X),(X),(X),63.4,9.6,50.0,10.0,82.0,14.4,-,**,-,**,73.6,10.3,38.7,20.6,0.0,49.9,37.9,41.4,0.0,57.1,100.0,72.5,-,**,(X),(X),10.2,11.4,65.6,13.4,95.0,5.3,63.2,9.3,
2022,S1701,Subject Table,ST,1400000US17019000401,Census Tract 4.01; Champaign County; Illinois,17019000401,17,019,000401,1400000US17019000401,Census Tract 4.01; Champaign County; Illinois,1220,338,0,12,0,12,0,12,0,12,1214,335,1177,336,37,26,10,8,6,8,566,201,654,272,575,234,36,40,3,5,557,188,0,12,14,25,35,30,53,35,536,230,101,47,0,12,3,5,14,15,84,44,583,247,549,247,201,107,348,221,34,41,34,41,0,12,1220,338,65,73,607,253,548,180,1011,306,1131,333,1134,334,1147,335,1168,336,1207,340,1220,338,1220,338,1203,341,555,202,648,274,0,12,0,12,1119,335,52,34,16,25,6,8,4,7,0,12,6,8,11671,663,54,71,607,253,542,182,1209,338,1109,332,0,12,0,12,0,12,0,12,1107,331,1087,334,20,20,5,7,2,4,490,200,619,266,538,233,21,29,3,5,512,188,0,12,0,12,35,30,39,23,499,228,47,33,0,12,2,4,14,15,31,29,511,237,477,237,150,99,327,215,34,41,34,41,0,12,1109,332,56,70,509,241,544,180,(X),(X),(X),(X),(X),(X),(X),(X),(X),(X),(X),(X),(X),(X),(X),(X),1092,334,479,201,613,267,0,12,0,12,1062,333,19,19,2,5,4,6,3,5,0,12,2,4,(X),(X),45,68,509,241,538,182,1105,332,90.9,4.5,-,**,-,**,-,**,-,**,91.2,4.5,92.4,4.2,54.1,49.5,50.0,50.0,33.3,66.7,86.6,8.4,94.6,4.9,93.6,4.9,58.3,41.2,100.0,100.0,91.9,6.3,-,**,0.0,82.3,100.0,52.0,73.6,33.4,93.1,5.3,46.5,26.6,-,**,66.7,66.7,100.0,82.2,36.9,30.7,87.7,7.9,86.9,8.4,74.6,18.2,94.0,7.9,100.0,52.8,100.0,52.8,-,**,90.9,4.5,86.2,24.3,83.9,9.1,99.3,1.6,(X),(X),(X),(X),(X),(X),(X),(X),(X),(X),(X),(X),(X),(X),(X),(X),90.8,4.6,86.3,8.6,94.6,4.9,-,**,-,**,94.9,3.5,36.5,29.0,12.5,44.7,66.7,66.7,75.0,75.0,-,**,33.3,66.7,(X),(X),83.3,34.0,83.9,9.1,99.3,1.6,91.4,4.4,
2022,S1701,Subject Table,ST,1400000US17019000402,Census Tract 4.02; Champaign County; Illinois,17019000402,17,019,000402,1400000US17019000402,Census Tract 4.02; Champaign County; Illinois,2402,506,0,12,0,12,0,12,0,12,2392,508,2346,508,46,40,10,15,10,15,1413,409,989,295,1290,409,146,115,24,35,703,306,0,12,50,44,189,114,216,117,1250,407,361,227,0,12,11,17,34,23,316,223,1035,262,996,260,465,194,531,172,39,47,0,12,39,47,2402,506,126,75,1424,347,852,337,1428,399,2192,496,2232,497,2272,499,2292,501,2351,507,2351,507,2351,507,2273,508,1335,413,938,303,0,12,0,12,1951,464,305,221,7,11,0,12,0,12,0,12,10,15,9930,854,126,75,1362,346,785,331,2402,506,2097,496,0,12,0,12,0,12,0,12,2097,496,2051,496,46,40,0,12,0,12,1284,387,813,279,1166,403,137,110,24,35,556,288,0,12,50,44,164,110,207,112,1126,401,239,209,0,12,11,17,0,12,228,207,819,228,780,223,389,170,391,141,39,47,0,12,39,47,2097,496,11,17,1244,342,842,338,(X),(X),(X),(X),(X),(X),(X),(X),(X),(X),(X),(X),(X),(X),(X),(X),1968,500,1206,393,762,287,0,12,0,12,1768,456,193,203,7,11,0,12,0,12,0,12,0,12,(X),(X),11,17,1182,342,775,332,2097,496,87.3,4.6,-,**,-,**,-,**,-,**,87.7,4.7,87.4,4.8,100.0,45.4,0.0,97.3,0.0,97.3,90.9,5.2,82.2,8.6,90.4,5.4,93.8,9.7,100.0,62.8,79.1,12.7,-,**,100.0,43.5,86.8,15.7,95.8,5.9,90.1,5.6,66.2,26.3,-,**,100.0,92.8,0.0,52.8,72.2,26.8,79.1,7.8,78.3,7.9,83.7,10.5,73.6,12.7,100.0,49.3,-,**,100.0,49.3,87.3,4.6,8.7,12.0,87.4,5.6,98.8,1.9,(X),(X),(X),(X),(X),(X),(X),(X),(X),(X),(X),(X),(X),(X),(X),(X),86.6,5.0,90.3,5.7,81.2,9.3,-,**,-,**,90.6,4.0,63.3,32.7,100.0,100.0,-,**,-,**,-,**,0.0,97.3,(X),(X),8.7,12.0,86.8,6.0,98.7,2.1,87.3,4.6,
2022,S1701,Subject Table,ST,1400000US17019000500,Census Tract 5; Champaign County; Illinois,17019000500,17,019,000500,1400000US17019000500,Census Tract 5; Champaign County; Illinois,3682,659,632,202,272,133,360,165,632,202,2561,534,1181,316,1380,426,664,200,489,193,1772,374,1910,417,2783,649,469,297,0,12,225,159,0,12,70,73,135,94,135,115,2717,643,2589,492,48,47,389,186,439,205,1713,410,2265,478,2190,483,1039,298,1151,250,75,67,75,67,0,12,3155,605,1447,427,1003,276,705,236,422,198,887,369,955,368,1100,379,1163,413,1640,417,1865,426,2522,444,1509,303,773,188,736,230,0,12,0,12,342,229,461,183,320,171,50,46,155,93,128,72,53,44,10539,1767,499,150,603,184,407,179,3671,658,704,325,83,91,83,91,0,12,83,91,548,258,337,204,211,119,76,69,73,68,271,152,433,244,333,165,216,198,0,12,22,21,0,12,38,46,95,83,37,48,333,165,438,223,48,47,144,105,114,121,132,66,212,161,193,162,43,46,150,123,19,24,19,24,0,12,621,269,77,103,229,126,315,179,(X),(X),(X),(X),(X),(X),(X),(X),(X),(X),(X),(X),(X),(X),(X),(X),474,205,219,124,255,153,0,12,0,12,183,140,91,56,122,87,13,21,21,30,25,29,19,33,(X),(X),14,22,214,124,246,157,699,323,19.1,8.3,13.1,14.2,30.5,30.2,0.0,9.3,13.1,14.2,21.4,9.0,28.5,13.0,15.3,9.2,11.4,10.0,14.9,13.7,15.3,8.1,22.7,11.8,12.0,5.5,46.1,38.9,-,**,9.8,12.3,-,**,54.3,54.3,70.4,34.9,27.4,34.4,12.3,5.7,16.9,8.5,100.0,44.4,37.0,21.0,26.0,24.1,7.7,4.3,9.4,7.1,8.8,7.3,4.1,4.6,13.0,10.2,25.3,40.1,25.3,40.1,-,**,19.7,8.0,5.3,7.2,22.8,11.0,44.7,17.9,(X),(X),(X),(X),(X),(X),(X),(X),(X),(X),(X),(X),(X),(X),(X),(X),31.4,9.9,28.3,14.1,34.6,15.5,-,**,-,**,53.5,19.4,19.7,13.0,38.1,18.9,26.0,41.7,13.5,19.1,19.5,19.9,35.8,47.4,(X),(X),2.8,4.4,35.5,16.4,60.4,22.1,19.0,8.2,
2022,S1701,Subject Table,ST,1400000US17019000700,Census Tract 7; Champaign County; Illinois,17019000700,17,019,000700,1400000US17019000700,Census Tract 7; Champaign County; Illinois,3732,691,1098,393,361,140,737,321,1098,393,2256,458,1168,303,1088,330,411,106,378,105,2027,510,1705,363,1581,359,1357,409,48,78,77,69,19,37,505,458,145,86,746,475,1388,327,2095,367,635,299,727,177,484,149,249,111,1855,325,1633,317,963,277,670,180,222,110,158,121,64,62,2661,469,1249,288,682,220,730,266,548,336,1255,535,1333,534,1750,602,2052,687,2958,703,3298,673,3559,701,961,289,693,279,268,99,0,12,0,12,245,235,244,128,49,70,103,70,115,75,162,87,43,32,10969,2115,464,140,136,66,361,225,3732,691,1071,501,467,366,154,124,313,275,467,366,516,265,435,260,81,53,99,71,88,70,640,327,431,283,397,295,350,243,0,12,0,12,0,12,257,373,67,71,425,389,229,204,395,150,137,108,204,107,45,45,9,16,226,113,205,111,159,91,46,40,21,27,4,7,17,26,604,278,104,81,138,94,362,225,(X),(X),(X),(X),(X),(X),(X),(X),(X),(X),(X),(X),(X),(X),(X),(X),405,256,346,257,59,38,0,12,0,12,193,222,111,92,0,12,11,20,15,17,67,67,8,13,(X),(X),43,45,64,49,298,223,1071,501,28.7,11.3,42.5,25.4,42.7,27.4,42.5,28.4,42.5,25.4,22.9,10.1,37.2,15.8,7.4,4.8,24.1,15.6,23.3,16.4,31.6,12.6,25.3,15.3,25.1,14.9,25.8,16.4,0.0,44.4,0.0,34.6,0.0,70.6,50.9,50.6,46.2,35.6,57.0,34.1,16.5,12.3,18.9,7.4,21.6,16.6,28.1,12.8,9.3,9.2,3.6,6.1,12.2,6.2,12.6,7.1,16.5,10.0,6.9,6.0,9.5,13.0,2.5,5.8,26.6,36.0,22.7,9.2,8.3,6.8,20.2,13.3,49.6,18.2,(X),(X),(X),(X),(X),(X),(X),(X),(X),(X),(X),(X),(X),(X),(X),(X),42.1,18.1,49.9,23.1,22.0,13.1,-,**,-,**,78.8,27.5,45.5,29.0,0.0,44.0,10.7,18.1,13.0,14.6,41.4,33.6,18.6,30.1,(X),(X),9.3,9.2,47.1,30.8,82.5,19.0,28.7,11.3,
2022,S1701,Subject Table,ST,1400000US17019000800,Census Tract 8; Champaign County; Illinois,17019000800,17,019,000800,1400000US17019000800,Census Tract 8; Champaign County; Illinois,6681,806,1339,366,638,196,701,253,1315,374,4801,678,3175,602,1626,310,665,152,541,137,3413,537,3268,485,3368,719,1437,747,0,17,1664,401,0,17,35,44,177,114,278,197,3167,717,4005,433,262,137,672,243,842,234,2229,382,4654,726,4441,706,2367,523,2074,429,213,154,129,125,84,87,5566,702,3043,480,1673,513,850,237,412,219,1304,530,1620,554,1822,617,2054,671,3750,894,4641,874,5477,894,2574,645,1421,492,1153,307,17,34,7,13,808,409,1054,338,168,104,314,145,47,42,121,76,38,43,6701,2312,1712,476,699,429,163,76,6681,806,791,386,146,112,68,75,78,75,122,113,613,342,567,348,46,51,32,44,32,44,294,234,497,228,558,360,98,115,0,17,135,135,0,17,0,17,0,17,72,103,486,350,415,206,0,17,65,103,115,92,235,176,583,336,566,334,195,210,371,201,17,28,17,28,0,17,652,332,57,64,540,327,55,56,(X),(X),(X),(X),(X),(X),(X),(X),(X),(X),(X),(X),(X),(X),(X),(X),570,315,187,203,383,197,17,34,7,13,189,188,304,207,21,34,0,17,0,17,32,44,0,17,(X),(X),57,64,457,321,56,54,791,386,11.8,5.4,10.9,8.2,10.7,12.5,11.1,10.2,9.3,8.2,12.8,6.5,17.9,9.4,2.8,2.9,4.8,7.3,5.9,9.0,8.6,6.2,15.2,6.5,16.6,8.8,6.8,10.0,-,**,8.1,8.1,-,**,0.0,52.0,0.0,17.8,25.9,27.8,15.3,9.1,10.4,4.7,0.0,12.5,9.7,14.6,13.7,10.2,10.5,7.0,12.5,6.7,12.7,6.8,8.2,7.8,17.9,9.1,8.0,14.0,13.2,27.2,0.0,32.7,11.7,5.4,1.9,2.1,32.3,16.8,6.5,7.0,(X),(X),(X),(X),(X),(X),(X),(X),(X),(X),(X),(X),(X),(X),(X),(X),22.1,9.5,13.2,11.7,33.2,12.6,100.0,74.6,100.0,100.0,23.4,15.5,28.8,16.3,12.5,16.8,0.0,10.5,0.0,44.9,26.4,34.6,0.0,49.9,(X),(X),3.3,3.6,65.4,17.2,34.4,26.0,11.8,5.4,
2022,S1701,Subject Table,ST,1400000US17019000901,Census Tract 9.01; Champaign County; Illinois,17019000901,17,019,000901,1400000US17019000901,Census Tract 9.01; Champaign County; Illinois,4774,727,1318,454,381,205,937,421,1318,454,3070,446,1526,375,1544,264,627,187,386,145,2288,436,2486,443,1432,409,2739,688,0,12,71,103,0,12,392,404,140,115,756,463,1070,297,2596,350,442,174,839,244,928,220,387,181,2554,418,2336,404,1065,202,1271,309,218,136,158,117,60,54,3592,457,1684,379,829,236,1079,303,512,309,1438,568,2094,724,2251,725,2261,723,3386,655,4085,728,4456,696,1044,190,403,124,641,166,0,12,0,12,207,141,206,123,69,46,143,66,211,108,95,61,113,87,10101,2508,393,137,226,115,425,154,4774,727,905,452,327,247,131,113,196,173,327,247,550,250,320,233,230,97,86,57,28,31,364,230,541,262,120,75,762,440,0,12,0,12,0,12,0,12,23,37,26,43,94,63,410,180,150,93,129,87,124,104,7,12,244,164,110,85,20,33,90,79,134,110,90,93,44,44,597,254,61,68,161,105,375,194,(X),(X),(X),(X),(X),(X),(X),(X),(X),(X),(X),(X),(X),(X),(X),(X),337,157,96,101,241,131,0,12,0,12,103,120,82,93,16,19,0,12,121,76,15,24,0,12,(X),(X),7,12,103,95,227,127,905,452,19.0,8.5,24.8,16.9,34.4,23.4,20.9,18.5,24.8,16.9,17.9,7.5,21.0,12.5,14.9,6.3,13.7,9.2,7.3,8.3,15.9,9.3,21.8,9.7,8.4,5.4,27.8,14.0,-,**,0.0,36.4,-,**,0.0,8.5,16.4,25.4,3.4,5.9,8.8,6.2,15.8,6.6,33.9,19.8,15.4,10.1,13.4,10.4,1.8,3.4,9.6,6.1,4.7,3.6,1.9,3.0,7.1,6.0,61.5,30.0,57.0,38.0,73.3,34.1,16.6,6.5,3.6,4.0,19.4,11.3,34.8,14.3,(X),(X),(X),(X),(X),(X),(X),(X),(X),(X),(X),(X),(X),(X),(X),(X),32.3,12.9,23.8,21.9,37.6,17.2,-,**,-,**,49.8,33.8,39.8,33.3,23.2,27.6,0.0,21.5,57.3,27.7,15.8,23.3,0.0,26.1,(X),(X),1.8,3.2,45.6,25.9,53.4,20.3,19.0,8.5,
2022,S1701,Subject Table,ST,1400000US17019000902,Census Tract 9.02; Champaign County; Illinois,17019000902,17,019,000902,1400000US17019000902,Census Tract 9.02; Champaign County; Illinois,7438,984,1856,530,599,219,1257,386,1856,530,4648,617,1816,404,2832,426,1494,266,934,188,3600,660,3838,518,4552,695,1576,828,0,17,1141,623,0,17,48,68,121,95,208,133,4344,705,4767,539,382,210,899,245,1724,339,1762,382,3704,478,3515,464,1788,338,1727,286,189,144,96,112,93,88,5739,633,2870,369,1443,357,1426,368,450,237,792,303,1386,769,2009,955,2187,959,3510,957,4540,897,5413,990,1855,294,741,233,1114,262,0,17,0,17,436,295,464,187,132,83,66,63,229,120,321,168,207,99,10500,1350,733,211,483,197,639,241,7399,985,682,277,63,102,0,17,63,102,63,102,533,246,409,229,124,105,133,150,86,84,251,164,431,240,471,241,111,110,0,17,60,87,0,17,0,17,40,64,44,68,427,238,368,214,108,147,87,89,131,86,42,41,228,161,228,161,134,145,94,85,0,17,0,17,0,17,619,273,47,45,252,179,320,171,(X),(X),(X),(X),(X),(X),(X),(X),(X),(X),(X),(X),(X),(X),(X),(X),457,227,164,150,293,209,0,17,0,17,236,199,158,153,14,24,13,31,0,17,36,40,0,17,(X),(X),14,24,173,155,270,154,658,280,9.2,3.6,3.4,5.6,0.0,5.7,5.0,8.1,3.4,5.6,11.5,4.6,22.5,10.4,4.4,3.7,8.9,10.1,9.2,9.5,7.0,4.3,11.2,6.0,10.3,5.4,7.0,8.3,-,**,5.3,8.0,-,**,0.0,44.4,33.1,40.0,21.2,29.4,9.8,5.5,7.7,4.4,28.3,31.9,9.7,8.7,7.6,5.2,2.4,2.3,6.2,4.2,6.5,4.4,7.5,7.4,5.4,4.9,0.0,16.8,0.0,29.7,0.0,30.4,10.8,4.5,1.6,1.6,17.5,11.8,22.4,11.1,(X),(X),(X),(X),(X),(X),(X),(X),(X),(X),(X),(X),(X),(X),(X),(X),24.6,11.5,22.1,19.4,26.3,16.0,-,**,-,**,54.1,26.0,34.1,29.1,10.6,18.9,19.7,41.8,0.0,14.1,11.2,14.4,0.0,15.5,(X),(X),1.9,3.3,35.8,26.7,42.3,18.8,8.9,3.7,
2022,S1701,Subject Table,ST,1400000US17019001000,Census Tract 10; Champaign County; Illinois,17019001000,17,019,001000,1400000US17019001000,Census Tract 10; Champaign County; Illinois,4297,659,682,198,143,119,539,186,658,205,3141,538,1493,382,1648,445,676,157,474,99,2233,506,2064,423,3067,493,803,320,0,12,24,36,0,12,90,106,313,269,90,106,3067,493,2955,505,56,71,686,222,797,229,1416,425,2765,577,2655,548,1531,400,1124,335,110,124,26,45,84,113,3690,555,1796,448,1157,372,737,212,399,214,993,453,1221,491,1384,539,1529,568,2103,607,2498,547,2870,574,1536,541,834,349,702,350,0,12,24,38,325,275,329,202,219,147,213,156,222,216,117,111,87,56,10619,1826,821,425,375,241,340,179,4297,659,846,461,237,231,0,12,237,231,213,240,609,270,298,188,311,159,82,93,0,12,527,374,319,158,220,129,346,236,0,12,0,12,0,12,27,43,253,252,27,43,220,129,368,174,56,71,89,100,149,99,74,57,430,250,389,233,285,206,104,78,41,54,26,45,15,27,656,268,0,12,475,257,181,120,(X),(X),(X),(X),(X),(X),(X),(X),(X),(X),(X),(X),(X),(X),(X),(X),298,165,162,110,136,119,0,12,24,38,84,100,57,86,51,61,0,12,82,93,0,12,0,12,(X),(X),0,12,162,110,136,119,846,461,19.7,9.9,34.8,30.5,0.0,21.5,44.0,34.9,32.4,32.5,19.4,8.0,20.0,10.9,18.9,10.1,12.1,12.4,0.0,7.1,23.6,14.4,15.5,7.3,7.2,4.5,43.1,24.4,-,**,0.0,62.8,-,**,30.0,45.2,80.8,28.1,30.0,45.2,7.2,4.5,12.5,6.1,100.0,41.1,13.0,15.0,18.7,12.7,5.2,4.2,15.6,8.3,14.7,8.1,18.6,12.3,9.3,7.1,37.3,52.8,100.0,60.4,17.9,42.6,17.8,6.8,0.0,1.9,41.1,15.2,24.6,13.5,(X),(X),(X),(X),(X),(X),(X),(X),(X),(X),(X),(X),(X),(X),(X),(X),19.4,10.3,19.4,13.9,19.4,14.1,-,**,100.0,62.8,25.8,22.9,17.3,23.0,23.3,27.1,0.0,15.1,36.9,49.9,0.0,25.4,0.0,31.9,(X),(X),0.0,4.2,43.2,25.8,40.0,25.0,19.7,9.9,
2022,S1701,Subject Table,ST,1400000US17019001100,Census Tract 11; Champaign County; Illinois,17019001100,17,019,001100,1400000US17019001100,Census Tract 11; Champaign County; Illinois,3727,577,771,233,281,182,490,148,771,233,2131,487,925,311,1206,246,1056,174,825,124,1581,238,2146,421,2993,532,309,245,0,12,123,124,0,12,67,51,235,158,206,94,2924,527,2518,243,25,29,250,117,549,124,1694,220,1977,409,1952,406,803,151,1149,359,25,25,25,25,0,12,2996,488,1336,230,708,286,952,266,142,101,226,126,533,251,559,247,570,249,988,318,1351,337,2075,587,682,98,320,76,362,92,0,12,0,12,51,44,199,71,91,58,80,54,70,41,143,61,48,27,7770,2772,350,85,161,78,171,100,3727,577,178,100,23,30,23,30,0,12,23,30,137,77,81,59,56,49,27,24,18,20,58,43,120,96,169,97,0,12,0,12,0,12,0,12,0,12,9,15,0,12,169,97,105,64,0,12,0,12,61,53,44,38,97,60,97,60,39,38,58,57,0,12,0,12,0,12,155,80,18,21,79,60,58,50,(X),(X),(X),(X),(X),(X),(X),(X),(X),(X),(X),(X),(X),(X),(X),(X),96,62,49,41,47,45,0,12,0,12,9,15,31,36,0,12,38,41,0,12,8,12,10,16,(X),(X),18,21,38,36,40,42,178,100,4.8,2.7,3.0,4.1,8.2,11.5,0.0,6.9,3.0,4.1,6.4,3.8,8.8,6.4,4.6,4.1,2.6,2.3,2.2,2.4,3.7,2.8,5.6,4.5,5.6,3.3,0.0,10.7,-,**,0.0,24.4,-,**,0.0,37.6,3.8,7.1,0.0,15.6,5.8,3.3,4.2,2.5,0.0,61.6,0.0,13.0,11.1,9.6,2.6,2.3,4.9,3.2,5.0,3.3,4.9,4.9,5.0,5.2,0.0,61.6,0.0,61.6,-,**,5.2,2.7,1.3,1.6,11.2,9.4,6.1,5.1,(X),(X),(X),(X),(X),(X),(X),(X),(X),(X),(X),(X),(X),(X),(X),(X),14.1,8.7,15.3,12.9,13.0,12.9,-,**,-,**,17.6,23.5,15.6,17.6,0.0,30.9,47.5,35.1,0.0,36.7,5.6,8.7,20.8,28.7,(X),(X),5.1,6.1,23.6,22.1,23.4,16.3,4.8,2.7,
2022,S1701,Subject Table,ST,1400000US17019001201,Census Tract 12.01; Champaign County; Illinois,17019001201,17,019,001201,1400000US17019001201,Census Tract 12.01; Champaign County; Illinois,7305,890,1920,329,436,215,1484,351,1891,328,4465,715,2120,534,2345,504,1278,294,920,256,3592,482,3713,566,3252,617,2538,638,0,17,861,417,0,17,38,50,616,480,485,423,2926,563,4495,628,358,201,1183,349,1365,365,1589,421,3557,588,3308,550,1413,298,1895,389,249,145,123,108,126,114,5553,721,2218,490,1415,436,1920,417,503,334,1975,782,2376,810,3115,786,3434,762,4858,665,5522,660,6195,746,1366,353,612,211,754,236,0,17,29,49,170,101,263,137,338,201,124,111,182,104,130,96,130,73,9049,2315,631,219,387,153,348,164,7305,890,1376,585,434,299,181,199,253,142,405,299,739,346,507,270,232,146,211,177,203,175,607,290,769,341,289,289,842,534,0,17,121,130,0,17,16,28,108,154,37,46,281,290,593,240,50,49,208,200,241,142,94,112,351,179,272,132,70,84,202,113,79,84,51,80,28,56,971,427,93,91,244,135,634,378,(X),(X),(X),(X),(X),(X),(X),(X),(X),(X),(X),(X),(X),(X),(X),(X),388,156,196,135,192,110,0,17,29,49,80,57,100,102,79,87,0,17,8,18,61,91,31,37,(X),(X),0,17,148,101,240,148,1376,585,18.8,8.1,22.6,16.3,41.5,37.2,17.0,11.3,21.4,16.5,16.6,7.7,23.9,13.4,9.9,6.4,16.5,14.7,22.1,19.9,16.9,7.9,20.7,9.2,8.9,8.8,33.2,18.0,-,**,14.1,15.2,-,**,42.1,30.9,17.5,27.1,7.6,12.3,9.6,9.7,13.2,5.5,14.0,14.3,17.6,15.3,17.7,9.9,5.9,7.0,9.9,5.2,8.2,4.1,5.0,5.9,10.7,6.3,31.7,30.2,41.5,49.0,22.2,38.6,17.5,7.6,4.2,4.1,17.2,9.8,33.0,16.2,(X),(X),(X),(X),(X),(X),(X),(X),(X),(X),(X),(X),(X),(X),(X),(X),28.4,9.1,32.0,16.9,25.5,11.7,-,**,100.0,57.1,47.1,33.3,38.0,28.4,23.4,28.7,0.0,24.2,4.4,9.5,46.9,49.6,23.8,24.1,(X),(X),0.0,5.4,38.2,22.6,69.0,19.2,18.8,8.1,
2022,S1701,Subject Table,ST,1400000US17019001203,Census Tract 12.03; Champaign County; Illinois,17019001203,17,019,001203,1400000US17019001203,Census Tract 12.03; Champaign County; Illinois,4162,416,830,180,232,106,598,169,830,180,2548,327,749,186,1799,278,1095,139,784,105,2022,252,2140,238,3393,364,380,167,8,14,198,121,0,12,91,79,92,62,138,107,3293,388,3103,326,124,83,576,199,865,185,1538,229,2481,311,2417,294,1333,210,1084,172,64,60,45,37,19,29,3463,375,1698,218,803,186,962,180,43,42,114,84,344,258,420,268,511,277,1236,303,2105,344,2840,435,800,187,379,160,421,99,0,12,0,12,24,36,142,76,105,69,116,113,128,80,184,71,101,51,13029,2956,353,144,217,97,230,82,4153,416,78,82,0,12,0,12,0,12,0,12,36,37,16,22,20,27,43,56,42,55,24,27,54,58,65,64,13,23,0,12,0,12,0,12,0,12,0,12,0,12,65,64,77,82,1,3,21,25,31,51,24,27,1,5,1,5,1,5,0,12,0,12,0,12,0,12,78,82,0,12,1,5,77,82,(X),(X),(X),(X),(X),(X),(X),(X),(X),(X),(X),(X),(X),(X),(X),(X),28,30,4,6,24,28,0,12,0,12,1,5,15,22,0,12,10,17,1,3,1,3,0,12,(X),(X),0,12,1,5,27,30,73,81,1.9,1.9,0.0,4.1,0.0,14.0,0.0,5.7,0.0,4.1,1.4,1.4,2.1,2.9,1.1,1.5,3.9,5.1,5.4,6.9,1.2,1.3,2.5,2.6,1.9,1.8,3.4,6.5,0.0,100.0,0.0,16.1,-,**,0.0,30.9,0.0,30.6,0.0,22.2,2.0,1.9,2.5,2.6,0.8,2.3,3.6,4.4,3.6,5.6,1.6,1.7,0.0,0.2,0.0,0.2,0.1,0.3,0.0,3.2,0.0,38.5,0.0,45.9,0.0,70.6,2.3,2.3,0.0,2.0,0.1,0.6,8.0,8.1,(X),(X),(X),(X),(X),(X),(X),(X),(X),(X),(X),(X),(X),(X),(X),(X),3.5,3.8,1.1,1.7,5.7,6.8,-,**,-,**,4.2,29.7,10.6,14.3,0.0,27.7,8.6,19.4,0.8,2.4,0.5,1.4,0.0,28.5,(X),(X),0.0,9.4,0.5,2.2,11.7,12.6,1.8,1.9,
2022,S1701,Subject Table,ST,1400000US17019001204,Census Tract 12.04; Champaign County; Illinois,17019001204,17,019,001204,1400000US17019001204,Census Tract 12.04; Champaign County; Illinois,3704,445,825,217,171,100,654,193,825,217,2027,273,410,147,1617,223,1199,283,852,253,1859,249,1845,290,2246,309,191,134,0,12,950,268,0,12,45,65,272,165,77,76,2169,301,2680,349,66,57,143,60,492,154,1979,338,1848,264,1726,261,983,168,743,166,122,94,82,84,40,49,3087,365,1313,220,714,148,1060,288,140,100,196,105,196,105,216,115,216,115,607,283,996,394,1488,399,428,130,256,132,172,78,0,12,0,12,62,87,48,45,29,43,119,70,87,74,44,31,39,43,N,N,185,107,130,83,113,53,3704,445,148,100,0,12,0,12,0,12,0,12,118,96,94,92,24,23,30,47,30,47,78,91,70,49,89,92,10,15,0,12,49,57,0,12,0,12,0,12,0,12,89,92,86,61,0,12,10,15,20,25,56,45,80,88,8,13,0,12,8,13,72,88,62,87,10,15,148,100,0,12,70,87,78,59,(X),(X),(X),(X),(X),(X),(X),(X),(X),(X),(X),(X),(X),(X),(X),(X),118,96,62,87,56,48,0,12,0,12,62,87,32,35,0,12,16,19,8,13,0,12,0,12,(X),(X),0,12,70,87,48,41,148,100,4.0,2.6,0.0,4.2,0.0,18.4,0.0,5.2,0.0,4.2,5.8,4.7,22.9,19.8,1.5,1.4,2.5,3.8,3.5,5.4,4.2,4.7,3.8,2.6,4.0,4.0,5.2,9.7,-,**,5.2,5.9,-,**,0.0,45.9,0.0,12.1,0.0,34.6,4.1,4.1,3.2,2.2,0.0,37.9,7.0,10.4,4.1,5.3,2.8,2.2,4.3,4.8,0.5,0.7,0.0,3.5,1.1,1.7,59.0,47.3,75.6,50.7,25.0,48.5,4.8,3.2,0.0,2.6,9.8,11.7,7.4,5.3,(X),(X),(X),(X),(X),(X),(X),(X),(X),(X),(X),(X),(X),(X),(X),(X),27.6,19.5,24.2,30.1,32.6,20.9,-,**,-,**,100.0,39.1,66.7,27.6,0.0,57.1,13.4,19.8,9.2,15.9,0.0,46.4,0.0,49.3,(X),(X),0.0,17.2,53.8,44.5,42.5,30.8,4.0,2.6,
2022,S1701,Subject Table,ST,1400000US17019001205,Census Tract 12.05; Champaign County; Illinois,17019001205,17,019,001205,1400000US17019001205,Census Tract 12.05; Champaign County; Illinois,8337,857,2026,418,411,176,1615,442,1993,429,5197,497,1760,356,3437,488,1396,402,1114,361,4343,628,3994,469,4726,655,802,401,50,83,2038,611,0,17,168,176,553,321,576,403,4355,650,5351,641,365,218,552,243,905,341,3529,484,4379,498,4307,488,2443,330,1864,334,72,73,72,73,0,17,6499,631,3119,474,1437,395,1943,468,570,415,1138,502,1312,576,1710,614,1819,624,2691,762,3329,770,3986,751,1451,430,529,184,922,339,0,17,33,60,203,202,377,153,379,211,144,128,43,43,195,139,77,89,7388,2051,815,329,276,136,360,184,8337,857,937,454,346,248,38,63,308,231,313,243,463,223,145,119,318,186,149,124,128,122,356,196,581,301,537,314,190,151,0,17,35,60,0,17,0,17,175,253,0,17,537,314,534,247,141,133,67,75,164,149,162,126,240,157,204,145,98,81,106,103,36,60,36,60,0,17,624,259,23,39,235,158,366,197,(X),(X),(X),(X),(X),(X),(X),(X),(X),(X),(X),(X),(X),(X),(X),(X),370,190,121,97,249,172,0,17,33,60,57,61,36,60,49,73,46,66,21,26,128,122,0,17,(X),(X),0,17,142,115,228,148,937,454,11.2,5.2,17.1,11.0,9.2,15.5,19.1,12.7,15.7,10.9,8.9,4.3,8.2,6.7,9.3,5.6,10.7,8.6,11.5,10.7,8.2,4.4,14.5,6.8,11.4,6.5,23.7,18.9,0.0,43.5,1.7,3.2,-,**,0.0,18.7,31.6,35.8,0.0,5.9,12.3,7.0,10.0,4.6,38.6,29.7,12.1,12.7,18.1,15.8,4.6,3.5,5.5,3.5,4.7,3.3,4.0,3.3,5.7,5.6,50.0,50.0,50.0,50.0,-,**,9.6,3.9,0.7,1.2,16.4,10.5,18.8,9.9,(X),(X),(X),(X),(X),(X),(X),(X),(X),(X),(X),(X),(X),(X),(X),(X),25.5,11.4,22.9,16.1,27.0,16.1,-,**,100.0,53.6,28.1,37.8,9.5,16.3,12.9,22.8,31.9,41.5,48.8,51.2,65.6,34.8,0.0,34.6,(X),(X),0.0,4.2,51.4,31.4,63.3,24.7,11.2,5.2,
2022,S1701,Subject Table,ST,1400000US17019001206,Census Tract 12.06; Champaign County; Illinois,17019001206,17,019,001206,1400000US17019001206,Census Tract 12.06; Champaign County; Illinois,1837,277,298,85,63,31,235,77,298,85,884,144,301,82,583,107,736,198,655,192,859,155,978,158,1616,272,50,61,0,12,40,37,0,12,12,14,119,64,146,120,1511,267,1448,251,28,25,119,82,346,91,955,193,925,141,912,139,428,96,484,87,13,12,4,6,9,10,1574,247,640,101,351,96,583,182,50,51,100,58,126,66,236,152,272,162,405,174,694,232,892,229,342,88,125,69,217,78,0,12,0,12,26,24,70,56,36,23,37,24,16,12,104,61,53,25,N,N,178,57,55,31,109,59,1837,277,86,58,0,12,0,12,0,12,0,12,37,22,20,18,17,20,49,52,49,52,30,48,56,34,86,58,0,12,0,12,0,12,0,12,0,12,0,12,0,12,86,58,66,59,0,12,0,12,21,23,45,50,32,20,32,20,0,12,32,20,0,12,0,12,0,12,86,58,14,14,18,20,54,52,(X),(X),(X),(X),(X),(X),(X),(X),(X),(X),(X),(X),(X),(X),(X),(X),64,53,30,48,34,24,0,12,0,12,20,18,0,12,0,12,5,9,0,12,39,50,0,12,(X),(X),14,14,6,10,44,51,86,58,4.7,2.9,0.0,11.1,0.0,38.8,0.0,13.8,0.0,11.1,4.2,2.3,6.6,5.7,2.9,3.2,6.7,6.6,7.5,7.4,3.5,5.3,5.7,3.3,5.3,3.4,0.0,43.5,-,**,0.0,48.7,-,**,0.0,88.8,0.0,25.1,0.0,21.1,5.7,3.6,4.6,3.7,0.0,58.2,0.0,25.1,6.1,6.2,4.7,4.8,3.5,2.1,3.5,2.1,0.0,7.8,6.6,4.0,0.0,85.4,0.0,100.0,0.0,100.0,5.5,3.4,2.2,2.2,5.1,4.8,9.3,8.3,(X),(X),(X),(X),(X),(X),(X),(X),(X),(X),(X),(X),(X),(X),(X),(X),18.7,13.2,24.0,32.2,15.7,9.9,-,**,-,**,76.9,24.8,0.0,36.7,0.0,51.3,13.5,21.9,0.0,76.9,37.5,37.8,0.0,42.3,(X),(X),7.9,7.9,10.9,16.3,40.4,30.7,4.7,2.9,
2022,S1701,Subject Table,ST,1400000US17019001301,Census Tract 13.01; Champaign County; Illinois,17019001301,17,019,001301,1400000US17019001301,Census Tract 13.01; Champaign County; Illinois,5824,836,1100,280,366,146,734,231,1100,280,3397,642,1396,383,2001,524,1872,409,1327,304,2797,559,3027,372,4647,764,302,173,0,17,536,406,0,17,24,30,315,199,220,163,4564,798,4262,553,65,76,744,351,828,199,2625,402,2844,400,2651,397,1587,367,1064,190,193,173,49,56,144,140,4828,717,1870,318,1245,421,1713,432,245,217,744,268,844,273,1297,563,1427,568,2541,797,2975,837,3891,919,1300,253,588,155,712,194,0,17,0,17,140,98,460,157,137,75,50,38,198,142,158,87,157,123,9613,2787,559,183,341,140,400,191,5803,836,405,290,115,111,77,86,38,53,115,111,249,198,155,134,94,139,111,132,41,53,194,146,211,182,384,289,7,12,0,17,0,17,0,17,14,23,0,17,14,23,384,289,213,162,0,17,84,71,22,24,107,137,122,120,49,48,46,45,3,8,73,112,31,44,42,69,290,207,22,30,127,121,141,141,(X),(X),(X),(X),(X),(X),(X),(X),(X),(X),(X),(X),(X),(X),(X),(X),196,155,80,61,116,137,0,17,0,17,35,62,66,56,8,9,3,8,70,128,0,17,14,23,(X),(X),9,15,85,71,102,130,388,289,7.0,4.6,10.5,9.4,21.0,20.8,5.2,6.8,10.5,9.4,7.3,5.3,11.1,9.5,4.7,5.7,5.9,6.3,3.1,4.1,6.9,5.2,7.0,5.6,8.3,5.6,2.3,4.9,-,**,0.0,6.3,-,**,58.3,56.1,0.0,10.5,6.4,10.7,8.4,5.7,5.0,3.4,0.0,38.2,11.3,9.8,2.7,3.0,4.1,4.9,4.3,4.1,1.8,1.8,2.9,2.9,0.3,0.7,37.8,44.9,63.3,51.7,29.2,41.6,6.0,4.0,1.2,1.6,10.2,9.4,8.2,6.9,(X),(X),(X),(X),(X),(X),(X),(X),(X),(X),(X),(X),(X),(X),(X),(X),15.1,11.5,13.6,10.6,16.3,16.5,-,**,-,**,25.0,42.6,14.3,11.9,5.8,7.2,6.0,16.9,35.4,41.8,0.0,19.7,8.9,17.1,(X),(X),1.6,2.7,24.9,18.2,25.5,25.6,6.7,4.6,
2022,S1701,Subject Table,ST,1400000US17019001302,Census Tract 13.02; Champaign County; Illinois,17019001302,17,019,001302,1400000US17019001302,Census Tract 13.02; Champaign County; Illinois,4200,384,740,145,87,80,653,162,651,128,1795,274,457,140,1338,255,1982,397,1665,373,1757,277,2443,255,3482,339,80,85,0,12,506,141,0,12,0,12,132,92,80,62,3454,345,3250,371,82,61,653,390,432,143,2083,282,2052,395,2052,395,985,232,1067,224,0,12,0,12,0,12,3561,363,1381,250,859,414,1321,214,188,130,277,147,317,151,412,160,462,157,773,273,1489,484,1808,462,1498,446,456,233,1042,269,40,56,49,53,88,80,139,95,90,67,160,120,62,37,472,385,398,135,11720,2138,467,183,431,398,600,160,4196,384,218,134,89,77,0,12,89,77,0,12,70,61,59,58,11,20,59,66,59,66,29,34,189,121,218,134,0,12,0,12,0,12,0,12,0,12,0,12,0,12,218,134,93,80,0,12,1,2,18,27,74,63,43,51,43,51,0,12,43,51,0,12,0,12,0,12,178,104,0,12,59,58,119,88,(X),(X),(X),(X),(X),(X),(X),(X),(X),(X),(X),(X),(X),(X),(X),(X),160,116,0,12,160,116,40,56,49,53,36,54,23,36,0,12,0,12,11,20,1,2,0,12,(X),(X),0,12,59,58,101,80,217,133,5.2,3.2,12.0,9.6,0.0,31.9,13.6,10.9,0.0,5.2,3.9,3.5,12.9,12.6,0.8,1.5,3.0,3.4,3.5,4.1,1.7,1.9,7.7,4.9,6.3,3.8,0.0,33.7,-,**,0.0,6.7,-,**,-,**,0.0,23.0,0.0,33.7,6.3,3.9,2.9,2.5,0.0,33.2,0.2,0.4,4.2,6.6,3.6,3.0,2.1,2.5,2.1,2.5,0.0,3.5,4.0,4.9,-,**,-,**,-,**,5.0,3.0,0.0,2.5,6.9,7.2,9.0,6.6,(X),(X),(X),(X),(X),(X),(X),(X),(X),(X),(X),(X),(X),(X),(X),(X),10.7,7.0,0.0,7.4,15.4,9.7,100.0,48.7,100.0,44.0,40.9,51.3,16.5,23.8,0.0,31.1,0.0,19.5,17.7,34.3,0.2,0.6,0.0,8.4,(X),(X),0.0,7.2,13.7,20.8,16.8,11.8,5.2,3.2,
2022,S1701,Subject Table,ST,1400000US17019001400,Census Tract 14; Champaign County; Illinois,17019001400,17,019,001400,1400000US17019001400,Census Tract 14; Champaign County; Illinois,4234,346,1309,191,387,134,922,173,1309,191,2587,257,1161,221,1426,207,514,145,338,90,1888,306,2346,249,2516,454,418,227,0,17,958,231,0,17,0,17,342,222,391,256,2365,452,2629,259,122,88,277,95,472,147,1758,237,2033,265,1989,269,1092,196,897,149,44,31,19,19,25,25,3021,282,1395,187,816,204,810,178,269,198,775,274,992,288,1358,332,1598,413,1950,390,2444,392,2820,362,938,195,362,181,576,171,0,17,0,17,270,167,263,83,78,69,37,33,114,63,103,82,73,43,8813,2841,301,93,334,162,303,119,4234,346,653,268,193,128,50,56,143,107,193,128,436,174,330,163,106,80,24,26,24,26,314,165,339,168,344,206,207,205,0,17,93,80,0,17,0,17,9,14,10,15,334,205,234,121,62,71,41,31,29,46,102,69,152,94,152,94,109,76,43,38,0,17,0,17,0,17,496,201,9,15,211,124,276,160,(X),(X),(X),(X),(X),(X),(X),(X),(X),(X),(X),(X),(X),(X),(X),(X),324,142,154,123,170,110,0,17,0,17,226,140,25,24,40,62,9,14,0,17,0,17,24,26,(X),(X),0,17,154,114,170,108,653,268,15.4,6.1,14.7,9.4,12.9,12.7,15.5,11.5,14.7,9.4,16.9,6.2,28.4,11.2,7.4,5.6,4.7,5.0,7.1,7.4,16.6,7.4,14.5,6.8,13.7,7.1,49.5,30.6,-,**,9.7,7.5,-,**,-,**,2.6,4.3,2.6,4.3,14.1,7.5,8.9,4.5,50.8,38.0,14.8,10.6,6.1,8.9,5.8,3.7,7.5,4.3,7.6,4.4,10.0,6.1,4.8,4.1,0.0,46.4,0.0,70.6,0.0,61.6,16.4,6.2,0.6,1.1,25.9,11.8,34.1,15.1,(X),(X),(X),(X),(X),(X),(X),(X),(X),(X),(X),(X),(X),(X),(X),(X),34.5,11.1,42.5,18.9,29.5,13.5,-,**,-,**,83.7,15.3,9.5,8.8,51.3,50.9,24.3,37.5,0.0,26.0,0.0,28.1,32.9,28.2,(X),(X),0.0,11.0,46.1,17.5,56.1,22.5,15.4,6.1,
2022,S1701,Subject Table,ST,1400000US17019005300,Census Tract 53; Champaign County; Illinois,17019005300,17,019,005300,1400000US17019005300,Census Tract 53; Champaign County; Illinois,4585,770,560,307,200,152,360,184,560,307,3795,708,3128,692,667,195,306,129,230,119,2220,430,2365,665,1019,301,2326,659,0,12,1081,352,0,12,71,92,88,84,60,60,986,304,1792,341,190,118,583,182,308,135,711,218,2397,460,2217,426,1076,327,1141,404,180,114,157,93,23,37,4025,732,1007,309,1458,365,1560,505,1447,420,2516,601,2735,613,3225,655,3494,641,4290,719,4403,788,4548,769,2924,594,1577,403,1347,512,0,12,0,12,1965,606,595,205,137,119,86,61,65,60,39,46,37,44,10839,970,575,254,1262,368,1087,427,4585,770,2030,484,160,106,50,44,110,71,160,106,1854,508,1653,504,201,90,65,56,16,25,917,309,1113,411,464,193,816,332,0,12,653,257,0,12,63,92,34,56,33,40,450,191,509,183,34,40,206,88,85,61,184,114,687,213,594,198,216,113,378,175,93,66,93,66,0,12,1870,510,89,73,694,249,1087,403,(X),(X),(X),(X),(X),(X),(X),(X),(X),(X),(X),(X),(X),(X),(X),(X),1697,551,773,283,924,463,0,12,0,12,1336,540,191,114,38,34,51,50,65,60,0,12,16,25,(X),(X),67,64,604,257,1026,421,2030,484,44.3,7.7,28.6,23.6,25.0,28.4,30.6,23.8,28.6,23.6,48.9,7.9,52.8,8.2,30.1,13.3,21.2,18.1,7.0,10.9,41.3,10.2,47.1,10.4,45.5,13.8,35.1,11.0,-,**,60.4,14.0,-,**,88.7,32.1,38.6,55.6,55.0,37.9,45.6,13.9,28.4,9.3,17.9,20.5,35.3,14.4,27.6,19.6,25.9,14.0,28.7,6.9,26.8,7.0,20.1,9.1,33.1,10.7,51.7,33.4,59.2,32.0,0.0,64.2,46.5,7.6,8.8,7.0,47.6,12.4,69.7,10.1,(X),(X),(X),(X),(X),(X),(X),(X),(X),(X),(X),(X),(X),(X),(X),(X),58.0,10.8,49.0,12.4,68.6,15.7,-,**,-,**,68.0,13.3,32.1,15.8,27.7,34.4,59.3,41.6,100.0,38.2,0.0,49.3,43.2,56.8,(X),(X),11.7,10.4,47.9,14.1,94.4,5.6,44.3,7.7,
2022,S1701,Subject Table,ST,1400000US17019005401,Census Tract 54.01; Champaign County; Illinois,17019005401,17,019,005401,1400000US17019005401,Census Tract 54.01; Champaign County; Illinois,4055,622,558,381,303,289,255,246,558,381,3085,395,1959,362,1126,323,664,269,412,179,1896,440,2159,444,2324,516,1389,482,0,12,60,63,0,12,225,235,57,59,455,298,2109,409,2507,439,137,107,817,253,635,300,918,321,2609,372,2368,344,1110,329,1258,298,241,159,130,95,111,117,3512,403,1552,319,1073,394,887,307,390,253,1433,642,1724,655,2036,663,2093,659,2731,683,3332,606,3696,619,1830,426,898,321,932,279,0,12,0,12,826,352,411,279,213,130,30,35,175,122,35,42,140,103,7727,2951,700,327,700,366,430,199,4050,622,833,397,49,77,0,12,49,77,49,77,784,383,487,349,297,178,69,73,0,12,457,266,376,194,382,187,299,294,0,12,0,12,0,12,134,166,18,29,65,86,370,186,343,187,92,98,99,89,71,77,81,76,469,336,386,349,302,247,84,123,83,113,34,37,49,82,784,383,0,12,511,346,273,183,(X),(X),(X),(X),(X),(X),(X),(X),(X),(X),(X),(X),(X),(X),(X),(X),666,373,338,244,328,189,0,12,0,12,441,343,35,39,79,86,1,2,110,98,0,12,0,12,(X),(X),0,12,485,345,181,144,831,398,20.5,9.4,8.8,14.2,0.0,10.9,19.2,32.5,8.8,14.2,25.4,11.3,24.9,15.5,26.4,12.9,10.4,11.0,0.0,8.1,24.1,12.6,17.4,9.0,16.4,8.2,21.5,21.0,-,**,0.0,39.7,-,**,59.6,44.0,31.6,44.9,14.3,18.6,17.5,8.4,13.7,7.0,67.2,34.4,12.1,10.8,11.2,12.6,8.8,7.9,18.0,12.0,16.3,13.7,27.2,19.1,6.7,10.1,34.4,39.4,26.2,31.5,44.1,55.9,22.3,10.4,0.0,2.2,47.6,18.9,30.8,16.3,(X),(X),(X),(X),(X),(X),(X),(X),(X),(X),(X),(X),(X),(X),(X),(X),36.4,15.2,37.6,22.5,35.2,16.5,-,**,-,**,53.4,26.7,8.5,12.4,37.1,32.6,3.3,9.2,62.9,33.3,0.0,52.0,0.0,21.9,(X),(X),0.0,4.9,69.3,21.3,42.1,24.8,20.5,9.4,
2022,S1701,Subject Table,ST,1400000US17019005402,Census Tract 54.02; Champaign County; Illinois,17019005402,17,019,005402,1400000US17019005402,Census Tract 54.02; Champaign County; Illinois,3790,549,608,228,168,83,440,195,608,228,2452,458,684,251,1768,468,1087,222,730,180,1669,312,2121,458,2863,520,422,239,0,12,164,149,0,12,177,194,164,87,509,362,2423,490,2929,444,340,184,679,212,1196,315,714,250,2153,460,1968,446,880,166,1088,414,185,144,22,25,163,142,3310,495,1299,401,922,394,1089,278,465,272,872,352,904,351,1101,375,1203,374,2206,600,2604,548,3167,581,1343,482,567,154,776,425,0,12,0,12,10,19,147,132,349,280,281,198,281,122,164,83,111,100,N,N,744,410,146,69,453,203,3790,549,783,346,265,175,33,39,232,166,265,175,472,223,118,83,354,182,91,73,46,44,239,186,544,294,607,325,19,32,0,12,65,116,0,12,75,109,17,22,412,313,208,111,427,180,185,120,84,73,126,116,32,46,238,170,147,137,30,37,117,137,91,102,22,25,69,99,591,254,10,17,159,139,422,189,(X),(X),(X),(X),(X),(X),(X),(X),(X),(X),(X),(X),(X),(X),(X),(X),238,153,22,25,216,149,0,12,0,12,0,12,13,20,112,111,15,24,70,65,0,12,28,36,(X),(X),0,12,22,25,216,149,783,346,20.7,8.8,43.6,20.6,19.6,21.6,52.7,24.0,43.6,20.6,19.2,9.6,17.3,11.2,20.0,10.9,8.4,6.5,6.3,5.9,14.3,10.0,25.6,12.4,21.2,10.4,4.5,7.9,-,**,39.6,50.1,-,**,42.4,34.0,10.4,14.7,80.9,17.9,8.6,5.0,14.6,6.4,54.4,33.6,12.4,8.8,10.5,9.4,4.5,6.6,11.1,7.9,7.5,7.0,3.4,4.3,10.8,12.7,49.2,40.6,100.0,65.6,42.3,47.6,17.9,7.6,0.8,1.4,17.2,15.0,38.8,11.1,(X),(X),(X),(X),(X),(X),(X),(X),(X),(X),(X),(X),(X),(X),(X),(X),17.7,10.0,3.9,4.4,27.8,18.5,-,**,-,**,0.0,97.3,8.8,14.4,32.1,29.2,5.3,11.0,24.9,18.6,0.0,19.1,25.2,36.3,(X),(X),0.0,4.6,15.1,15.2,47.7,20.3,20.7,8.8,
2022,S1701,Subject Table,ST,1400000US17019005500,Census Tract 55; Champaign County; Illinois,17019005500,17,019,005500,1400000US17019005500,Census Tract 55; Champaign County; Illinois,4345,583,436,306,45,44,391,292,374,295,3156,524,1299,402,1857,365,1152,289,753,201,2248,362,2097,402,2965,648,476,386,21,35,350,230,0,12,31,40,502,265,433,240,2773,608,3450,459,270,173,685,258,922,302,1573,405,2763,477,2678,471,1294,273,1384,320,85,65,43,46,42,49,4024,549,1654,342,1145,295,1225,388,430,356,1176,547,1245,529,1490,529,1664,548,2427,524,2933,506,3482,572,1497,369,713,260,784,251,0,12,62,86,181,138,357,243,210,124,175,109,183,114,248,138,81,66,7204,2277,584,217,625,258,288,120,4331,584,942,473,145,145,11,23,134,132,83,118,608,378,312,193,296,217,244,156,189,136,515,329,427,214,667,440,94,96,0,12,171,206,0,12,0,12,10,17,83,167,584,393,591,317,102,119,75,75,229,218,185,155,368,177,326,166,141,111,185,116,42,49,0,12,42,49,871,431,57,77,311,149,503,338,(X),(X),(X),(X),(X),(X),(X),(X),(X),(X),(X),(X),(X),(X),(X),(X),348,155,143,109,205,111,0,12,62,86,98,74,56,70,15,24,22,33,0,12,84,70,11,20,(X),(X),0,12,229,135,119,82,931,473,21.7,10.2,33.3,28.7,24.4,44.2,34.3,30.0,22.2,27.3,19.3,11.0,24.0,14.2,15.9,11.3,21.2,13.1,25.1,17.0,22.9,13.2,20.4,9.2,22.5,12.5,19.7,21.2,0.0,67.2,48.9,40.0,-,**,0.0,55.3,2.0,3.4,19.2,36.6,21.1,12.0,17.1,9.1,37.8,33.2,10.9,9.5,24.8,20.9,11.8,9.3,13.3,6.5,12.2,6.3,10.9,8.5,13.4,8.0,49.4,41.2,0.0,46.9,100.0,47.5,21.6,10.1,3.4,4.6,27.2,12.6,41.1,22.1,(X),(X),(X),(X),(X),(X),(X),(X),(X),(X),(X),(X),(X),(X),(X),(X),23.2,8.8,20.1,12.8,26.1,12.7,-,**,100.0,39.1,54.1,32.9,15.7,20.4,7.1,12.4,12.6,20.2,0.0,17.3,33.9,20.9,13.6,24.7,(X),(X),0.0,5.8,36.6,18.4,41.3,20.3,21.5,10.2,
2022,S1701,Subject Table,ST,1400000US17019005601,Census Tract 56.01; Champaign County; Illinois,17019005601,17,019,005601,1400000US17019005601,Census Tract 56.01; Champaign County; Illinois,5631,844,1273,457,363,196,910,425,1273,457,3653,560,1742,493,1911,351,968,234,705,120,2895,511,2736,470,3569,471,1211,627,4,10,510,301,0,17,49,45,288,157,483,315,3267,435,3612,459,159,124,719,282,976,311,1758,430,3171,455,2907,473,1616,339,1291,225,264,169,78,112,186,130,4544,628,1849,363,1432,342,1263,385,461,284,694,339,840,346,1750,629,1768,631,3375,797,4231,836,4823,840,1851,430,921,307,930,259,0,17,0,17,421,165,556,307,301,184,192,146,123,95,143,94,115,102,8509,3589,846,347,618,210,387,196,5631,844,655,331,192,175,59,81,133,129,192,175,450,231,224,156,226,127,28,31,13,22,297,174,358,207,235,218,196,131,0,17,95,111,0,17,20,29,109,116,79,87,208,182,270,136,32,48,77,57,161,104,0,17,158,92,138,88,63,64,75,63,20,29,0,17,20,29,492,241,22,43,173,88,297,190,(X),(X),(X),(X),(X),(X),(X),(X),(X),(X),(X),(X),(X),(X),(X),(X),287,187,110,89,177,150,0,17,0,17,171,142,18,32,46,53,34,57,5,8,13,22,0,17,(X),(X),0,17,153,84,134,147,655,331,11.6,5.4,15.1,13.8,16.3,18.1,14.6,16.1,15.1,13.8,12.3,5.7,12.9,8.9,11.8,6.2,2.9,3.3,1.8,3.1,10.3,5.5,13.1,7.0,6.6,5.7,16.2,14.0,0.0,100.0,18.6,21.8,-,**,40.8,50.4,37.8,28.5,16.4,16.5,6.4,5.3,7.5,3.6,20.1,29.8,10.7,8.6,16.5,9.9,0.0,2.0,5.0,2.8,4.7,2.9,3.9,3.7,5.8,4.8,7.6,11.3,0.0,34.3,10.8,16.5,10.8,4.9,1.2,2.4,12.1,5.2,23.5,13.5,(X),(X),(X),(X),(X),(X),(X),(X),(X),(X),(X),(X),(X),(X),(X),(X),15.5,9.4,11.9,9.1,19.0,14.2,-,**,-,**,40.6,28.2,3.2,5.6,15.3,16.0,17.7,25.3,4.1,8.0,9.1,15.1,0.0,25.8,(X),(X),0.0,4.0,24.8,10.6,34.6,28.9,11.6,5.4,
2022,S1701,Subject Table,ST,1400000US17019005602,Census Tract 56.02; Champaign County; Illinois,17019005602,17,019,005602,1400000US17019005602,Census Tract 56.02; Champaign County; Illinois,2236,258,153,98,8,13,145,97,153,98,1547,272,932,247,615,133,681,157,536,148,886,207,1350,189,1452,250,185,148,0,12,366,189,0,12,59,67,174,131,146,87,1419,233,1656,194,70,48,289,149,321,119,976,190,1171,214,1139,220,475,110,664,152,32,31,8,12,24,27,2107,244,872,206,297,93,938,243,279,200,532,272,566,271,681,290,736,303,942,298,1196,296,1418,302,986,202,272,151,714,177,0,12,0,12,268,179,332,107,33,30,37,49,45,30,59,38,212,112,10314,2428,292,116,138,70,556,184,2233,258,370,213,0,12,0,12,0,12,0,12,351,212,325,209,26,28,33,31,19,22,132,155,238,164,168,155,14,22,0,12,178,151,0,12,0,12,10,17,13,18,165,155,116,82,22,27,2,3,10,17,82,77,60,61,60,61,10,17,50,52,0,12,0,12,0,12,370,213,18,29,56,63,296,197,(X),(X),(X),(X),(X),(X),(X),(X),(X),(X),(X),(X),(X),(X),(X),(X),370,213,132,155,238,164,0,12,0,12,254,171,71,75,10,17,2,3,14,22,11,16,8,14,(X),(X),18,29,56,63,296,197,368,213,16.5,8.7,0.0,20.3,0.0,100.0,0.0,21.2,0.0,20.3,22.7,11.7,34.9,17.0,4.2,4.6,4.8,4.8,3.5,4.3,14.9,15.0,17.6,11.3,11.6,9.8,7.6,17.0,-,**,48.6,29.0,-,**,0.0,40.1,5.7,11.7,8.9,13.1,11.6,10.1,7.0,4.9,31.4,39.5,0.7,1.0,3.1,5.1,8.4,7.4,5.1,5.2,5.3,5.3,2.1,3.5,7.5,7.7,0.0,54.4,0.0,100.0,0.0,62.8,17.6,9.2,2.1,3.3,18.9,19.9,31.6,16.8,(X),(X),(X),(X),(X),(X),(X),(X),(X),(X),(X),(X),(X),(X),(X),(X),37.5,17.5,48.5,36.5,33.3,19.0,-,**,-,**,94.8,8.6,21.4,20.3,30.3,43.0,5.4,10.3,31.1,45.0,18.6,23.9,3.8,7.2,(X),(X),6.2,10.1,40.6,36.1,53.2,24.0,16.5,8.8,
2022,S1701,Subject Table,ST,1400000US17019005701,Census Tract 57.01; Champaign County; Illinois,17019005701,17,019,005701,1400000US17019005701,Census Tract 57.01; Champaign County; Illinois,5094,601,780,176,454,163,326,168,780,176,2958,497,1544,447,1414,292,1584,318,1356,295,2380,371,2714,509,3663,544,836,249,0,17,324,199,0,17,117,98,154,103,417,243,3368,502,3754,512,50,39,765,307,977,414,1962,332,2399,375,2138,332,1026,219,1112,213,261,262,199,188,62,82,4322,566,1262,270,1290,489,1770,375,667,436,1305,461,1664,516,1971,555,2028,558,2780,662,3228,692,3500,700,1754,438,643,255,1111,412,0,17,0,17,458,409,550,289,79,62,116,102,140,90,287,167,124,76,8775,1524,416,165,744,410,594,195,5077,601,983,465,34,53,0,17,34,53,34,53,803,428,638,414,165,108,183,139,146,131,391,242,592,397,618,376,269,174,0,17,0,17,0,17,40,59,56,68,116,97,542,378,553,299,21,29,208,162,195,181,129,79,505,254,244,157,43,55,201,139,261,262,199,188,62,82,949,457,72,85,540,404,337,180,(X),(X),(X),(X),(X),(X),(X),(X),(X),(X),(X),(X),(X),(X),(X),(X),826,442,286,224,540,392,0,17,0,17,365,399,228,257,0,17,47,66,40,39,133,129,13,19,(X),(X),58,74,505,402,263,166,974,466,19.3,8.3,4.4,7.0,0.0,7.4,10.4,16.5,4.4,7.0,27.1,11.9,41.3,19.6,11.7,7.4,11.6,8.3,10.8,9.3,16.4,9.6,21.8,12.2,16.9,9.4,32.2,22.5,-,**,0.0,10.2,-,**,34.2,45.6,36.4,37.2,27.8,21.4,16.1,10.4,14.7,7.3,42.0,47.5,27.2,21.8,20.0,16.0,6.6,3.9,21.1,9.5,11.4,7.2,4.2,5.5,18.1,11.6,100.0,12.5,100.0,16.1,100.0,39.1,22.0,9.2,5.7,6.9,41.9,20.2,19.0,10.2,(X),(X),(X),(X),(X),(X),(X),(X),(X),(X),(X),(X),(X),(X),(X),(X),47.1,16.6,44.5,24.5,48.6,21.5,-,**,-,**,79.7,26.3,41.5,34.8,0.0,34.0,40.5,48.3,28.6,27.7,46.3,33.6,10.5,16.0,(X),(X),13.9,17.1,67.9,24.7,44.3,20.5,19.2,8.3,
2022,S1701,Subject Table,ST,1400000US17019005702,Census Tract 57.02; Champaign County; Illinois,17019005702,17,019,005702,1400000US17019005702,Census Tract 57.02; Champaign County; Illinois,1500,243,290,119,121,91,169,90,290,119,664,117,150,77,514,91,681,117,546,103,738,131,762,145,1133,249,32,35,0,12,215,142,0,12,26,39,94,89,10,14,1123,247,1182,149,11,17,128,66,210,73,833,142,647,130,647,130,361,89,286,82,0,12,0,12,0,12,1224,160,489,112,224,69,511,107,5,7,30,42,51,53,62,55,75,57,434,230,530,220,674,248,261,76,107,58,154,59,0,12,0,12,0,12,10,15,5,8,14,15,11,16,53,40,168,67,N,N,43,39,9,14,209,69,1500,243,30,42,0,12,0,12,0,12,0,12,30,42,0,12,30,42,0,12,0,12,8,20,22,25,30,42,0,12,0,12,0,12,0,12,0,12,0,12,0,12,30,42,30,42,0,12,8,17,17,26,5,7,17,25,17,25,0,12,17,25,0,12,0,12,0,12,30,42,8,17,17,26,5,7,(X),(X),(X),(X),(X),(X),(X),(X),(X),(X),(X),(X),(X),(X),(X),(X),14,15,0,12,14,15,0,12,0,12,0,12,0,12,0,12,14,15,0,12,0,12,0,12,(X),(X),0,12,9,14,5,7,30,42,2.0,2.8,0.0,11.4,0.0,24.7,0.0,18.6,0.0,11.4,4.5,6.1,0.0,20.6,5.8,8.0,0.0,5.0,0.0,6.2,1.1,2.7,2.9,3.2,2.6,3.7,0.0,54.4,-,**,0.0,15.0,-,**,0.0,60.4,0.0,30.1,0.0,97.3,2.7,3.7,2.5,3.5,0.0,92.8,6.3,14.8,8.1,13.1,0.6,0.9,2.6,3.7,2.6,3.7,0.0,9.2,5.9,8.3,-,**,-,**,-,**,2.5,3.4,1.6,3.5,7.6,11.5,1.0,1.5,(X),(X),(X),(X),(X),(X),(X),(X),(X),(X),(X),(X),(X),(X),(X),(X),5.4,5.8,0.0,27.3,9.1,10.0,-,**,-,**,-,**,0.0,97.3,0.0,100.0,100.0,82.2,0.0,92.8,0.0,42.3,0.0,18.7,(X),(X),0.0,46.9,100.0,100.0,2.4,3.5,2.0,2.8,
2022,S1701,Subject Table,ST,1400000US17019005800,Census Tract 58; Champaign County; Illinois,17019005800,17,019,005800,1400000US17019005800,Census Tract 58; Champaign County; Illinois,3934,482,386,130,134,85,252,89,386,130,3152,466,2087,453,1065,168,584,109,396,96,1945,394,1989,341,2920,396,194,170,0,12,328,236,0,12,139,95,353,172,441,191,2758,399,2110,283,13,20,57,61,253,103,1787,278,2436,397,2361,383,1297,338,1064,201,75,60,49,51,26,33,3589,457,1212,257,1393,276,984,305,909,387,1480,396,1542,404,1988,433,2026,448,2240,444,2396,459,2632,465,2186,453,1132,335,1054,341,0,12,0,12,1238,408,484,198,154,73,102,60,102,71,71,54,35,37,10214,1427,614,211,986,241,586,305,3934,482,1424,401,74,81,34,38,40,45,74,81,1343,405,1189,391,154,94,15,18,7,12,666,316,758,326,956,280,169,159,0,12,185,221,0,12,48,41,66,71,134,103,870,280,316,155,0,12,34,56,79,68,203,122,666,231,638,231,362,239,276,135,28,33,11,19,17,28,1350,406,53,59,723,241,574,306,(X),(X),(X),(X),(X),(X),(X),(X),(X),(X),(X),(X),(X),(X),(X),(X),1152,362,523,254,629,310,0,12,0,12,899,371,143,107,34,32,34,56,35,45,7,12,0,12,(X),(X),53,59,573,187,526,304,1424,401,36.2,7.8,19.2,18.7,25.4,26.6,15.9,16.5,19.2,18.7,42.6,9.0,57.0,11.3,14.5,8.4,2.6,3.1,1.8,3.0,34.2,11.3,38.1,11.6,32.7,7.8,87.1,23.2,-,**,56.4,36.7,-,**,34.5,14.7,18.7,20.7,30.4,18.3,31.5,8.2,15.0,6.6,0.0,85.4,59.6,55.4,31.2,21.1,11.4,6.1,27.3,7.4,27.0,7.6,27.9,13.1,25.9,9.8,37.3,28.7,22.4,23.1,65.4,58.0,37.6,8.3,4.4,4.5,51.9,10.7,58.3,15.9,(X),(X),(X),(X),(X),(X),(X),(X),(X),(X),(X),(X),(X),(X),(X),(X),52.7,10.6,46.2,14.8,59.7,14.6,-,**,-,**,72.6,11.6,29.5,18.4,22.1,23.7,33.3,43.0,34.3,33.5,9.9,18.2,0.0,52.0,(X),(X),8.6,8.7,58.1,11.4,89.8,11.2,36.2,7.8,
2022,S1701,Subject Table,ST,1400000US17019005901,Census Tract 59.01; Champaign County; Illinois,17019005901,17,019,005901,1400000US17019005901,Census Tract 59.01; Champaign County; Illinois,794,216,0,12,0,12,0,12,0,12,790,217,712,218,78,47,4,9,4,9,278,112,516,215,537,218,0,12,0,12,221,82,0,12,36,62,0,12,13,22,537,218,178,94,45,63,7,11,0,12,126,56,502,241,469,241,160,97,309,219,33,39,33,39,0,12,794,216,89,51,454,232,251,132,497,206,662,210,684,211,691,211,691,211,744,216,756,218,756,218,650,210,202,101,448,214,0,12,0,12,580,215,46,34,24,37,0,12,0,12,0,12,0,12,11196,1358,33,32,379,224,238,133,794,216,621,205,0,12,0,12,0,12,0,12,621,205,577,206,44,45,0,12,0,12,191,89,430,212,392,207,0,12,0,12,193,77,0,12,36,62,0,12,13,22,392,207,86,79,45,63,7,11,0,12,34,40,364,230,331,229,75,66,256,219,33,39,33,39,0,12,621,205,13,22,361,226,247,133,(X),(X),(X),(X),(X),(X),(X),(X),(X),(X),(X),(X),(X),(X),(X),(X),569,205,159,81,410,212,0,12,0,12,535,209,10,15,24,37,0,12,0,12,0,12,0,12,(X),(X),0,12,331,219,238,133,621,205,78.2,9.6,-,**,-,**,-,**,-,**,78.6,9.5,81.0,10.5,56.4,29.2,0.0,100.0,0.0,100.0,68.7,12.2,83.3,10.6,73.0,15.2,-,**,-,**,87.3,11.3,-,**,100.0,51.3,-,**,100.0,85.4,73.0,15.2,48.3,23.7,100.0,45.9,100.0,100.0,-,**,27.0,25.6,72.5,15.4,70.6,17.0,46.9,19.5,82.8,16.4,100.0,53.6,100.0,53.6,-,**,78.2,9.6,14.6,21.0,79.5,13.8,98.4,3.7,(X),(X),(X),(X),(X),(X),(X),(X),(X),(X),(X),(X),(X),(X),(X),(X),87.5,8.9,78.7,14.5,91.5,8.5,-,**,-,**,92.2,6.9,21.7,33.0,100.0,62.8,-,**,-,**,-,**,-,**,(X),(X),0.0,53.6,87.3,11.8,100.0,13.6,78.2,9.6,
2022,S1701,Subject Table,ST,1400000US17019005902,Census Tract 59.02; Champaign County; Illinois,17019005902,17,019,005902,1400000US17019005902,Census Tract 59.02; Champaign County; Illinois,1082,327,38,59,0,12,38,59,38,59,1040,310,954,307,86,65,29,27,4,4,684,261,398,204,382,162,9,11,0,12,542,250,0,12,21,25,128,111,109,85,304,137,275,87,0,12,33,49,28,27,214,83,626,193,622,193,284,119,338,169,4,7,4,7,0,12,1082,327,84,60,648,188,350,230,438,225,724,285,756,278,869,299,911,302,1041,330,1061,329,1082,327,959,296,592,252,367,181,0,12,0,12,715,291,185,71,27,36,1,5,27,26,2,4,2,5,9743,1643,53,36,594,182,312,222,1073,328,644,266,0,12,0,12,0,12,0,12,642,266,619,268,23,26,25,27,2,4,453,253,191,108,246,129,9,11,0,12,322,220,0,12,21,25,46,33,34,28,241,129,93,42,0,12,0,12,28,27,65,33,240,109,236,108,105,82,131,78,4,7,4,7,0,12,644,266,0,12,332,132,312,222,(X),(X),(X),(X),(X),(X),(X),(X),(X),(X),(X),(X),(X),(X),(X),(X),644,266,453,253,191,108,0,12,0,12,551,265,68,33,0,12,0,12,23,26,2,4,0,12,(X),(X),0,12,332,132,312,222,642,266,59.5,13.3,0.0,49.9,-,**,0.0,49.9,0.0,49.9,61.7,12.2,64.9,12.0,26.7,28.5,86.2,21.9,50.0,50.0,66.2,18.0,48.0,12.0,64.4,18.2,100.0,100.0,-,**,59.4,19.5,-,**,100.0,67.2,35.9,39.7,31.2,35.0,79.3,15.6,33.8,13.4,-,**,0.0,53.6,100.0,58.2,30.4,13.6,38.3,12.8,37.9,12.8,37.0,23.1,38.8,14.1,100.0,100.0,100.0,100.0,-,**,59.5,13.3,0.0,32.7,51.2,12.9,89.1,17.5,(X),(X),(X),(X),(X),(X),(X),(X),(X),(X),(X),(X),(X),(X),(X),(X),67.2,11.4,76.5,14.5,52.0,11.6,-,**,-,**,77.1,13.5,36.8,15.2,0.0,59.2,0.0,100.0,85.2,22.8,100.0,100.0,0.0,100.0,(X),(X),0.0,42.3,55.9,12.9,100.0,10.6,59.8,13.5,
2022,S1701,Subject Table,ST,1400000US17019006000,Census Tract 60; Champaign County; Illinois,17019006000,17,019,006000,1400000US17019006000,Census Tract 60; Champaign County; Illinois,1096,191,227,83,118,55,109,64,227,83,826,142,592,136,234,79,53,37,43,34,579,111,517,126,358,132,129,91,0,12,449,121,0,12,19,23,141,103,119,87,351,132,737,144,0,12,9,11,40,54,688,115,578,102,551,108,361,76,190,77,27,32,20,30,7,10,872,153,292,94,318,80,262,89,271,105,389,114,472,116,608,133,731,149,922,175,984,180,1009,184,515,125,361,83,154,70,0,12,0,12,122,62,271,116,71,48,39,37,7,12,0,12,5,8,11172,1208,177,73,196,65,142,75,1096,191,340,106,66,55,32,26,34,52,66,55,274,86,201,81,73,50,0,12,0,12,182,80,158,78,150,90,17,24,0,12,160,76,0,12,12,21,1,3,21,23,146,91,223,79,0,12,0,12,0,12,223,79,110,54,83,38,49,29,34,25,27,32,20,30,7,10,274,86,8,10,95,41,171,76,(X),(X),(X),(X),(X),(X),(X),(X),(X),(X),(X),(X),(X),(X),(X),(X),210,84,143,73,67,39,0,12,0,12,46,29,106,65,40,40,18,29,0,12,0,12,0,12,(X),(X),8,10,73,37,129,74,340,106,31.0,8.9,29.1,20.3,27.1,22.4,31.2,38.4,29.1,20.3,33.2,8.8,34.0,10.2,31.2,16.3,0.0,42.3,0.0,46.9,31.4,11.8,30.6,13.2,41.9,15.3,13.2,18.9,-,**,35.6,14.8,-,**,63.2,58.3,0.7,1.9,17.6,27.8,41.6,15.6,30.3,9.2,-,**,0.0,100.0,0.0,48.7,32.4,10.4,19.0,9.1,15.1,6.7,13.6,7.8,17.9,12.5,100.0,59.2,100.0,68.8,100.0,100.0,31.4,8.5,2.7,3.6,29.9,10.9,65.3,15.2,(X),(X),(X),(X),(X),(X),(X),(X),(X),(X),(X),(X),(X),(X),(X),(X),40.8,11.5,39.6,16.2,43.5,22.8,-,**,-,**,37.7,17.9,39.1,14.4,56.3,31.6,46.2,47.1,0.0,100.0,-,**,0.0,100.0,(X),(X),4.5,6.0,37.2,14.7,90.8,10.9,31.0,8.9,
2022,S1701,Subject Table,ST,1400000US17019010100,Census Tract 101; Champaign County; Illinois,17019010100,17,019,010100,1400000US17019010100,Census Tract 101; Champaign County; Illinois,4163,342,705,258,368,218,337,170,705,258,2336,423,709,296,1627,413,1431,379,1122,318,1999,320,2164,338,2468,449,827,306,0,12,39,49,0,12,183,131,646,414,482,209,2340,452,3217,325,424,155,1225,339,1116,454,452,191,1919,303,1897,299,1088,283,809,238,22,37,22,37,0,12,3576,355,1462,293,615,221,1499,363,145,94,719,367,1248,466,1717,537,1904,534,2550,483,3364,472,3571,486,1148,363,644,288,504,199,0,12,0,12,29,52,87,72,319,186,46,50,142,107,280,176,245,147,6207,1089,461,201,116,110,571,248,4156,343,306,169,31,60,0,12,31,60,31,60,140,103,0,12,140,103,187,122,135,110,102,77,204,117,98,75,120,106,0,12,24,41,0,12,64,104,0,12,64,104,98,75,275,147,84,70,127,100,64,60,0,12,70,76,70,76,32,52,38,48,0,12,0,12,0,12,275,147,69,76,1,4,205,129,(X),(X),(X),(X),(X),(X),(X),(X),(X),(X),(X),(X),(X),(X),(X),(X),193,128,49,56,144,101,0,12,0,12,0,12,0,12,24,41,14,21,70,62,38,44,47,58,(X),(X),37,48,1,4,155,113,303,169,7.4,3.9,4.4,8.2,0.0,9.1,9.2,15.1,4.4,8.2,6.0,4.5,0.0,4.8,8.6,6.7,13.1,8.1,12.0,9.4,5.1,3.8,9.4,5.3,4.0,3.0,14.5,11.9,-,**,61.5,61.5,-,**,35.0,40.9,0.0,5.3,13.3,18.8,4.2,3.2,8.5,4.5,19.8,15.1,10.4,7.5,5.7,6.0,0.0,7.4,3.6,4.0,3.7,4.1,2.9,4.8,4.7,5.9,0.0,65.6,0.0,65.6,-,**,7.7,4.0,4.7,5.3,0.2,0.6,13.7,8.7,(X),(X),(X),(X),(X),(X),(X),(X),(X),(X),(X),(X),(X),(X),(X),(X),16.8,11.1,7.6,9.6,28.6,15.8,-,**,-,**,0.0,57.1,0.0,31.9,7.5,14.7,30.4,52.2,49.3,36.4,13.6,18.6,19.2,21.8,(X),(X),8.0,11.2,0.9,4.1,27.1,18.7,7.3,3.9,
2022,S1701,Subject Table,ST,1400000US17019010204,Census Tract 102.04; Champaign County; Illinois,17019010204,17,019,010204,1400000US17019010204,Census Tract 102.04; Champaign County; Illinois,4613,402,1072,270,253,153,819,262,1054,270,2789,376,996,254,1793,293,1162,260,752,187,2485,325,2128,275,3209,439,641,227,7,12,35,39,0,12,37,88,684,337,1138,342,2491,354,3051,353,325,151,1241,312,1121,245,364,115,2164,272,2047,262,1067,250,980,150,117,91,80,76,37,49,3776,377,1443,226,763,151,1570,286,711,420,1330,519,1464,546,1997,480,2004,481,2699,439,3345,492,3916,462,1172,343,654,262,518,200,18,27,0,12,82,58,261,198,54,44,172,77,305,245,214,117,66,38,9754,1692,545,228,139,75,488,217,4579,403,1145,521,474,286,135,112,339,267,456,287,578,311,180,125,398,275,250,215,93,100,643,327,502,287,796,444,261,214,0,12,15,23,0,12,0,12,73,115,457,314,396,228,517,290,123,113,178,199,190,125,26,37,207,104,191,108,61,47,130,83,16,27,16,27,0,12,799,372,73,64,146,98,580,303,(X),(X),(X),(X),(X),(X),(X),(X),(X),(X),(X),(X),(X),(X),(X),(X),388,219,167,106,221,203,18,27,0,12,60,58,0,12,0,12,60,45,157,197,81,99,12,14,(X),(X),18,24,56,55,314,215,1119,523,24.8,10.8,44.2,24.2,53.4,34.2,41.4,28.5,43.3,24.7,20.7,10.3,18.1,11.5,22.2,13.6,21.5,15.7,12.4,12.0,25.9,11.9,23.6,13.0,24.8,13.0,40.7,25.1,0.0,100.0,42.9,56.6,-,**,0.0,50.6,10.7,16.5,40.2,27.0,15.9,8.5,16.9,8.8,37.8,25.3,14.3,14.9,16.9,10.2,7.1,9.4,9.6,4.8,9.3,5.2,5.7,4.5,13.3,8.6,13.7,22.9,20.0,36.7,0.0,50.6,21.2,9.2,5.1,4.5,19.1,11.2,36.9,16.2,(X),(X),(X),(X),(X),(X),(X),(X),(X),(X),(X),(X),(X),(X),(X),(X),33.1,13.9,25.5,15.2,42.7,26.8,100.0,72.5,-,**,73.2,36.3,0.0,12.5,0.0,41.9,34.9,26.3,51.5,36.2,37.9,32.7,18.2,19.2,(X),(X),3.3,4.6,40.3,28.6,64.3,20.5,24.4,10.9,
2022,S1701,Subject Table,ST,1400000US17019010300,Census Tract 103; Champaign County; Illinois,17019010300,17,019,010300,1400000US17019010300,Census Tract 103; Champaign County; Illinois,3618,448,1581,323,368,219,1213,313,1581,323,1844,296,746,280,1098,210,267,140,193,113,1352,254,2266,366,1392,356,1331,467,11,14,32,44,0,12,129,197,723,486,160,196,1368,356,1709,243,84,71,626,192,829,182,170,95,1279,273,1138,270,456,183,682,187,141,117,68,85,73,79,2110,276,883,226,456,190,771,246,543,477,1712,536,1895,532,2399,466,2426,462,2928,455,3314,491,3420,480,598,232,248,153,350,134,0,12,0,12,146,117,108,125,57,52,85,64,166,94,4,7,32,35,3700,2934,260,182,189,124,149,90,3594,449,1072,637,712,505,56,67,656,482,712,505,341,184,9,14,332,186,30,62,19,42,335,202,737,487,143,154,548,474,0,12,1,3,0,12,125,197,255,346,125,197,143,154,351,188,38,63,145,126,166,94,2,5,141,104,95,83,25,41,70,72,46,76,0,12,46,76,360,185,76,82,65,85,219,170,(X),(X),(X),(X),(X),(X),(X),(X),(X),(X),(X),(X),(X),(X),(X),(X),59,50,25,39,34,29,0,12,0,12,9,14,0,12,16,20,0,12,18,38,1,3,15,25,(X),(X),0,12,8,13,51,52,1053,636,29.6,16.8,45.0,27.8,15.2,19.7,54.1,28.8,45.0,27.8,18.5,10.1,1.2,1.8,30.2,14.1,11.2,21.3,9.8,21.2,24.8,13.9,32.5,20.1,10.3,11.3,41.2,29.7,0.0,92.8,3.1,12.9,-,**,96.9,12.5,35.3,42.3,78.1,52.6,10.5,11.6,20.5,11.1,45.2,54.8,23.2,18.4,20.0,11.6,1.2,2.8,11.0,7.9,8.3,7.4,5.5,8.8,10.3,10.6,32.6,44.5,0.0,37.3,63.0,49.1,17.1,9.0,8.6,9.1,14.3,14.8,28.4,19.4,(X),(X),(X),(X),(X),(X),(X),(X),(X),(X),(X),(X),(X),(X),(X),(X),9.9,9.4,10.1,16.7,9.7,8.5,-,**,-,**,6.2,9.1,0.0,27.1,28.1,44.0,0.0,32.4,10.8,22.7,25.0,75.0,46.9,53.1,(X),(X),0.0,12.6,4.2,6.7,34.2,32.5,29.3,16.8,
2022,S1701,Subject Table,ST,1400000US17019010400,Census Tract 104; Champaign County; Illinois,17019010400,17,019,010400,1400000US17019010400,Census Tract 104; Champaign County; Illinois,4209,324,815,143,227,65,588,137,810,142,2502,227,801,105,1701,198,1145,123,892,107,2103,186,2106,188,3949,327,52,33,5,5,4,8,1,4,14,17,184,78,191,88,3848,313,3019,245,148,37,1255,181,998,119,618,118,2233,208,2156,206,1114,122,1042,116,77,28,50,24,27,15,3464,257,1705,202,616,97,1143,140,164,87,441,115,583,131,795,145,880,151,1401,183,2101,253,2755,241,770,106,331,56,439,82,0,12,5,7,55,31,95,46,37,26,154,42,140,36,118,31,166,58,9476,1285,273,55,123,49,374,75,4209,324,309,105,65,45,17,12,48,41,60,42,218,71,97,52,121,50,61,26,26,14,137,44,172,78,299,106,0,12,0,12,0,12,0,12,0,12,10,12,30,31,269,98,208,69,19,12,109,55,74,34,6,7,94,43,69,35,28,17,41,22,25,19,18,18,7,6,249,75,12,10,80,43,157,55,(X),(X),(X),(X),(X),(X),(X),(X),(X),(X),(X),(X),(X),(X),(X),(X),208,66,106,38,102,44,0,12,5,7,27,25,34,29,26,25,41,26,49,25,14,10,12,10,(X),(X),0,12,66,42,142,48,309,105,7.3,2.4,8.0,5.4,7.5,6.1,8.2,6.9,7.4,5.0,8.7,2.8,12.1,6.1,7.1,3.0,5.3,2.3,2.9,1.6,6.5,2.0,8.2,3.4,7.6,2.6,0.0,42.7,0.0,100.0,0.0,100.0,0.0,100.0,0.0,82.3,5.4,6.9,15.7,14.9,7.0,2.5,6.9,2.3,12.8,7.6,8.7,4.2,7.4,3.1,1.0,1.2,4.2,1.9,3.2,1.6,2.5,1.5,3.9,2.1,32.5,19.8,36.0,27.3,25.9,23.9,7.2,2.2,0.7,0.6,13.0,6.4,13.7,4.4,(X),(X),(X),(X),(X),(X),(X),(X),(X),(X),(X),(X),(X),(X),(X),(X),27.0,6.9,32.0,9.8,23.2,8.1,-,**,100.0,100.0,49.1,30.6,35.8,24.4,70.3,30.5,26.6,14.7,35.0,13.5,11.9,8.1,7.2,6.2,(X),(X),0.0,12.0,53.7,19.2,38.0,9.6,7.3,2.4,
2022,S1701,Subject Table,ST,1400000US17019010500,Census Tract 105; Champaign County; Illinois,17019010500,17,019,010500,1400000US17019010500,Census Tract 105; Champaign County; Illinois,4447,445,1042,164,199,78,843,147,1042,164,2656,358,849,271,1807,205,1117,156,749,102,2409,329,2038,203,4122,489,15,23,0,12,78,101,0,12,4,7,228,207,10,14,4118,490,3047,255,48,33,802,182,1112,221,1085,177,2315,269,2257,263,1267,176,990,138,58,43,32,34,26,23,3535,371,1807,222,619,170,1109,257,93,67,223,95,250,97,501,154,590,205,1265,292,1769,354,2161,382,444,131,244,88,200,67,0,12,0,12,70,59,121,64,101,78,34,37,37,27,39,30,42,24,8500,2575,251,101,100,53,93,40,4447,445,140,77,23,28,4,7,19,22,23,28,78,55,36,37,42,35,45,33,39,31,80,50,60,37,140,77,0,12,0,12,0,12,0,12,0,12,0,12,0,12,140,77,97,56,6,8,34,26,23,19,34,32,44,38,32,24,13,17,19,18,12,17,0,12,12,17,117,62,0,12,64,49,53,35,(X),(X),(X),(X),(X),(X),(X),(X),(X),(X),(X),(X),(X),(X),(X),(X),56,38,43,37,13,11,0,12,0,12,20,32,0,12,12,17,0,12,11,12,3,4,10,8,(X),(X),0,12,38,37,18,14,140,77,3.1,1.8,2.2,2.8,2.0,3.6,2.3,2.8,2.2,2.8,2.9,2.1,4.2,4.6,2.3,1.9,4.0,2.9,5.2,4.2,3.3,2.1,2.9,1.9,3.4,1.9,0.0,79.5,-,**,0.0,34.3,-,**,0.0,100.0,0.0,14.2,0.0,97.3,3.4,1.9,3.2,1.8,12.5,16.6,4.2,3.3,2.1,1.7,3.1,2.9,1.9,1.7,1.4,1.1,1.0,1.4,1.9,1.8,20.7,26.8,0.0,54.4,46.2,48.7,3.3,1.8,0.0,1.9,10.3,8.2,4.8,3.3,(X),(X),(X),(X),(X),(X),(X),(X),(X),(X),(X),(X),(X),(X),(X),(X),12.6,7.8,17.6,13.2,6.5,6.1,-,**,-,**,28.6,37.9,0.0,24.7,11.9,18.5,0.0,52.8,29.7,28.0,7.7,12.1,23.8,21.7,(X),(X),0.0,13.0,38.0,30.9,19.4,15.0,3.1,1.8,
2022,S1701,Subject Table,ST,1400000US17019010601,Census Tract 106.01; Champaign County; Illinois,17019010601,17,019,010601,1400000US17019010601,Census Tract 106.01; Champaign County; Illinois,6274,507,1885,277,392,189,1493,264,1885,277,3730,370,1098,227,2632,347,916,222,659,204,3067,279,3207,342,5868,525,37,60,0,17,107,144,0,17,21,34,241,172,188,187,5772,536,3932,293,54,62,751,261,1048,236,2079,312,3185,360,3174,357,1714,212,1460,255,11,21,11,21,0,17,4615,370,2424,369,958,254,1233,281,14,22,375,322,462,355,742,469,742,469,1595,618,2714,733,3386,663,329,129,214,99,115,67,0,17,0,17,0,17,89,63,24,33,64,53,12,21,114,57,26,31,N,N,181,107,24,28,124,59,6274,507,141,153,79,92,34,53,45,54,79,92,48,60,34,56,14,22,14,22,14,22,49,60,92,94,141,153,0,17,0,17,0,17,0,17,0,17,0,17,0,17,141,153,62,63,14,22,16,26,14,22,18,29,14,22,14,22,0,17,14,22,0,17,0,17,0,17,62,63,14,22,0,17,48,59,(X),(X),(X),(X),(X),(X),(X),(X),(X),(X),(X),(X),(X),(X),(X),(X),14,22,0,17,14,22,0,17,0,17,0,17,0,17,0,17,0,17,0,17,14,22,0,17,(X),(X),0,17,0,17,14,22,141,153,2.2,2.4,4.2,4.9,8.7,13.8,3.0,3.6,4.2,4.9,1.3,1.6,3.1,5.1,0.5,0.8,1.5,2.4,2.1,3.4,1.6,2.0,2.9,2.9,2.4,2.6,0.0,50.6,-,**,0.0,27.3,-,**,0.0,67.2,0.0,13.5,0.0,16.9,2.4,2.7,1.6,1.6,25.9,46.8,2.1,3.6,1.3,2.0,0.9,1.4,0.4,0.7,0.4,0.7,0.0,2.0,1.0,1.5,0.0,92.8,0.0,92.8,-,**,1.3,1.4,0.6,0.9,0.0,3.6,3.9,4.6,(X),(X),(X),(X),(X),(X),(X),(X),(X),(X),(X),(X),(X),(X),(X),(X),4.3,6.8,0.0,15.0,12.2,19.1,-,**,-,**,-,**,0.0,31.4,0.0,62.8,0.0,38.5,0.0,88.8,12.3,18.8,0.0,60.4,(X),(X),0.0,17.5,0.0,62.8,11.3,16.7,2.2,2.4,
2022,S1701,Subject Table,ST,1400000US17019010603,Census Tract 106.03; Champaign County; Illinois,17019010603,17,019,010603,1400000US17019010603,Census Tract 106.03; Champaign County; Illinois,7523,512,2193,382,530,143,1663,411,2193,382,4491,370,1343,385,3148,316,1283,262,839,220,3831,449,3692,358,6999,576,44,56,0,17,44,53,23,35,40,52,373,238,284,216,6952,579,4563,296,49,50,862,227,1280,366,2372,332,3827,334,3697,308,1887,235,1810,211,130,76,94,71,36,39,5487,406,2776,279,1520,358,1191,254,139,129,507,289,563,296,953,385,969,383,1282,398,3675,636,3997,643,831,258,318,165,513,185,0,17,0,17,80,80,188,132,135,110,97,93,110,85,78,64,143,80,6602,2027,401,185,235,144,195,92,7518,512,440,272,87,106,36,60,51,85,87,106,320,201,119,104,201,130,33,36,33,36,239,162,201,131,435,272,5,2,0,17,0,17,0,17,0,17,0,17,0,17,435,272,277,158,0,17,109,84,142,93,26,41,219,153,182,139,64,60,118,90,37,43,20,35,17,27,353,206,63,58,139,122,151,101,(X),(X),(X),(X),(X),(X),(X),(X),(X),(X),(X),(X),(X),(X),(X),(X),127,99,57,59,70,54,0,17,0,17,35,56,0,17,0,17,25,35,34,39,16,27,17,27,(X),(X),16,27,55,79,56,46,435,272,5.8,3.7,4.0,5.0,6.8,10.6,3.1,5.3,4.0,5.0,7.1,4.5,8.9,7.7,6.4,4.1,2.6,2.8,3.9,4.2,6.2,4.3,5.4,3.6,6.2,4.0,11.4,20.4,-,**,0.0,46.4,0.0,64.2,0.0,48.7,0.0,9.0,0.0,11.6,6.3,4.0,6.1,3.4,0.0,44.0,12.6,9.6,11.1,7.3,1.1,1.7,5.7,4.0,4.9,3.8,3.4,3.3,6.5,4.9,28.5,28.8,21.3,33.9,47.2,52.8,6.4,3.8,2.3,2.1,9.1,8.0,12.7,8.4,(X),(X),(X),(X),(X),(X),(X),(X),(X),(X),(X),(X),(X),(X),(X),(X),15.3,10.8,17.9,18.0,13.6,10.4,-,**,-,**,43.8,51.9,0.0,16.9,0.0,22.6,25.8,34.8,30.9,27.6,20.5,30.8,11.9,18.8,(X),(X),4.0,6.8,23.4,28.4,28.7,21.8,5.8,3.7,
2022,S1701,Subject Table,ST,1400000US17019010604,Census Tract 106.04; Champaign County; Illinois,17019010604,17,019,010604,1400000US17019010604,Census Tract 106.04; Champaign County; Illinois,2672,382,536,159,205,109,331,121,536,159,1640,301,459,141,1181,257,662,128,496,127,1402,250,1270,216,2285,371,243,159,0,12,29,40,0,12,0,12,115,82,297,219,2034,300,1976,300,122,63,459,113,816,254,579,137,1533,290,1514,284,857,198,657,156,19,24,0,12,19,24,2166,303,1051,174,570,195,545,111,132,132,254,178,306,201,352,195,352,195,679,224,1076,238,1280,213,585,206,424,180,161,74,0,12,0,12,33,35,18,17,67,54,194,156,125,101,60,43,88,56,N,N,261,119,171,145,153,70,2672,382,248,177,121,118,64,74,57,66,121,118,103,69,62,52,41,45,28,30,24,27,117,89,131,96,91,59,154,149,0,12,0,12,0,12,0,12,3,5,0,12,91,59,99,65,31,44,59,47,9,9,0,12,61,50,61,50,13,17,48,47,0,12,0,12,0,12,127,73,21,30,40,41,66,51,(X),(X),(X),(X),(X),(X),(X),(X),(X),(X),(X),(X),(X),(X),(X),(X),48,48,14,20,34,45,0,12,0,12,10,17,5,7,0,12,0,12,32,45,0,12,1,4,(X),(X),0,12,11,17,37,45,248,177,9.3,6.5,22.6,19.6,31.2,31.2,17.2,19.1,22.6,19.6,6.3,4.3,13.5,11.9,3.5,3.8,4.2,4.4,4.8,5.3,8.3,6.2,10.3,7.5,4.0,2.7,63.4,29.4,-,**,0.0,57.1,-,**,-,**,2.6,4.1,0.0,11.1,4.5,2.9,5.0,3.4,25.4,30.3,12.9,10.0,1.1,1.2,0.0,5.9,4.0,3.4,4.0,3.4,1.5,2.0,7.3,7.4,0.0,70.6,-,**,0.0,70.6,5.9,3.4,2.0,2.9,7.0,7.1,12.1,8.4,(X),(X),(X),(X),(X),(X),(X),(X),(X),(X),(X),(X),(X),(X),(X),(X),8.2,7.8,3.3,4.8,21.1,25.2,-,**,-,**,30.3,47.5,27.8,30.4,0.0,37.6,0.0,16.4,25.6,23.0,0.0,39.7,1.1,4.7,(X),(X),0.0,12.5,6.4,12.0,24.2,25.4,9.3,6.5,
2022,S1701,Subject Table,ST,1400000US17019010701,Census Tract 107.01; Champaign County; Illinois,17019010701,17,019,010701,1400000US17019010701,Census Tract 107.01; Champaign County; Illinois,3969,394,1086,238,192,139,894,265,1086,238,2169,305,597,197,1572,312,1143,273,714,215,1807,241,2162,275,3814,402,2,6,6,13,60,87,0,12,0,12,87,87,76,61,3738,407,2621,300,2,6,652,280,1021,264,946,202,2039,301,2024,297,937,194,1087,181,15,24,15,24,0,12,3075,340,1440,234,666,174,969,306,167,150,316,207,316,207,380,216,432,207,1040,354,1605,413,2216,427,644,259,171,112,473,199,0,12,0,12,34,41,68,54,82,73,57,52,44,40,269,159,90,54,N,N,256,145,76,73,312,168,3954,394,258,200,62,73,0,12,62,73,62,73,73,91,29,44,44,49,123,128,123,128,58,89,200,155,228,209,0,12,0,12,30,50,0,12,0,12,0,12,0,12,228,209,170,137,2,6,52,53,93,142,23,28,58,90,58,90,44,68,14,22,0,12,0,12,0,12,204,159,15,24,43,66,146,131,(X),(X),(X),(X),(X),(X),(X),(X),(X),(X),(X),(X),(X),(X),(X),(X),133,127,3,6,130,127,0,12,0,12,0,12,3,6,5,10,2,6,0,12,123,128,0,12,(X),(X),0,12,3,6,130,127,248,200,6.5,5.0,5.7,6.7,0.0,16.6,6.9,7.9,5.7,6.7,3.4,4.2,4.9,7.5,2.8,3.2,10.8,10.5,17.2,15.2,3.2,5.0,9.3,6.9,6.0,5.4,0.0,100.0,0.0,100.0,50.0,26.6,-,**,-,**,0.0,31.9,0.0,34.9,6.1,5.5,6.5,5.1,100.0,100.0,8.0,9.4,9.1,13.2,2.4,3.0,2.8,4.4,2.9,4.4,4.7,7.2,1.3,2.0,0.0,79.5,0.0,79.5,-,**,6.6,5.1,1.0,1.7,6.5,10.0,15.1,12.6,(X),(X),(X),(X),(X),(X),(X),(X),(X),(X),(X),(X),(X),(X),(X),(X),20.7,16.3,1.8,4.0,27.5,20.5,-,**,-,**,0.0,52.8,4.4,10.3,6.1,15.0,3.5,11.8,0.0,46.4,45.7,31.0,0.0,31.1,(X),(X),0.0,12.8,3.9,9.2,41.7,27.2,6.3,5.0,
2022,S1701,Subject Table,ST,1400000US17019010702,Census Tract 107.02; Champaign County; Illinois,17019010702,17,019,010702,1400000US17019010702,Census Tract 107.02; Champaign County; Illinois,3975,429,997,226,208,89,789,186,997,226,2395,336,752,200,1643,215,858,145,583,105,2146,216,1829,258,3792,442,62,69,5,8,66,74,0,12,0,12,50,43,31,40,3792,442,2640,336,32,23,809,174,1013,220,786,143,2176,328,1970,236,1191,174,779,106,206,177,68,49,138,172,3048,347,1576,205,610,139,862,226,189,175,250,182,276,185,338,191,358,195,900,334,1354,376,2285,401,545,282,289,124,256,173,0,12,0,12,25,17,157,170,96,98,28,18,87,62,76,47,76,35,11051,3104,242,113,38,23,265,180,3975,429,242,182,12,16,3,6,9,11,12,16,185,177,118,166,67,60,59,40,45,39,77,61,165,167,242,182,0,12,0,12,0,12,0,12,0,12,0,12,0,12,242,182,228,180,8,7,54,32,166,174,0,12,155,173,44,56,39,55,5,6,111,164,0,12,111,164,230,181,41,56,3,4,186,171,(X),(X),(X),(X),(X),(X),(X),(X),(X),(X),(X),(X),(X),(X),(X),(X),183,177,46,55,137,165,0,12,0,12,0,12,114,166,0,12,3,4,50,59,15,22,1,2,(X),(X),39,55,1,2,143,167,242,182,6.1,4.3,1.2,1.8,1.4,3.2,1.1,1.6,1.2,1.8,7.7,6.7,15.7,19.6,4.1,3.7,6.9,4.3,7.7,6.3,3.6,2.9,9.0,8.4,6.4,4.5,0.0,39.1,0.0,100.0,0.0,37.9,-,**,-,**,0.0,43.5,0.0,55.3,6.4,4.5,8.6,6.1,25.0,25.7,6.7,3.9,16.4,14.7,0.0,4.4,7.1,7.3,2.2,2.8,3.3,4.6,0.6,0.8,53.9,45.7,0.0,37.3,80.4,35.7,7.5,5.4,2.6,3.5,0.5,0.6,21.6,15.8,(X),(X),(X),(X),(X),(X),(X),(X),(X),(X),(X),(X),(X),(X),(X),(X),33.6,18.5,15.9,18.4,53.5,34.6,-,**,-,**,0.0,61.6,72.6,42.6,0.0,29.7,10.7,14.9,57.5,40.6,19.7,21.3,1.3,2.9,(X),(X),16.1,21.8,2.6,7.0,54.0,33.6,6.1,4.3,
2022,S1701,Subject Table,ST,1400000US17019010800,Census Tract 108; Champaign County; Illinois,17019010800,17,019,010800,1400000US17019010800,Census Tract 108; Champaign County; Illinois,4130,415,1027,238,213,105,814,169,1027,238,2375,223,749,138,1626,168,980,118,728,106,2109,229,2021,233,3993,408,14,14,4,6,2,3,0,12,0,12,117,58,94,52,3942,406,2746,220,108,33,854,123,1048,151,736,137,2143,229,2074,223,1030,113,1044,160,69,34,41,22,28,22,3182,257,1459,195,776,123,947,140,255,131,454,154,546,166,714,185,768,188,1393,301,2088,378,2893,415,652,123,352,71,300,73,0,12,0,12,98,61,79,30,42,25,103,50,126,46,109,41,95,33,11752,1444,243,61,131,68,278,83,4130,415,360,146,96,57,4,5,92,56,96,57,243,112,90,51,153,91,31,16,21,12,182,83,178,78,309,133,8,11,0,12,0,12,0,12,0,12,43,44,0,12,309,133,199,94,6,6,97,59,41,24,55,43,123,66,120,66,38,28,82,56,3,4,3,4,0,12,265,115,17,12,125,73,123,82,(X),(X),(X),(X),(X),(X),(X),(X),(X),(X),(X),(X),(X),(X),(X),(X),132,87,51,41,81,57,0,12,0,12,36,39,13,11,3,4,31,40,34,39,10,9,5,6,(X),(X),2,3,37,40,93,80,360,146,8.7,3.6,9.3,5.8,1.9,2.7,11.3,7.0,9.3,5.8,10.2,4.7,12.0,6.4,9.4,5.7,3.2,1.7,2.9,1.7,8.6,4.1,8.8,3.8,7.7,3.4,57.1,52.1,0.0,100.0,0.0,100.0,-,**,-,**,36.8,31.4,0.0,30.1,7.8,3.4,7.2,3.5,5.6,5.7,11.4,6.3,3.9,2.2,7.5,5.9,5.7,3.0,5.8,3.1,3.7,2.8,7.9,5.1,4.3,5.9,7.3,10.2,0.0,58.2,8.3,3.6,1.2,0.9,16.1,8.3,13.0,7.9,(X),(X),(X),(X),(X),(X),(X),(X),(X),(X),(X),(X),(X),(X),(X),(X),20.2,11.4,14.5,11.1,27.0,14.4,-,**,-,**,36.7,21.3,16.5,12.8,7.1,11.0,30.1,32.4,27.0,27.0,9.2,7.9,5.3,6.9,(X),(X),0.8,1.3,28.2,19.2,33.5,21.9,8.7,3.6,
2022,S1701,Subject Table,ST,1400000US17019010901,Census Tract 109.01; Champaign County; Illinois,17019010901,17,019,010901,1400000US17019010901,Census Tract 109.01; Champaign County; Illinois,6349,519,1522,224,361,112,1161,223,1489,218,4063,479,1520,436,2543,335,1215,200,764,128,3052,337,3297,379,5793,579,259,245,2,5,106,120,0,17,30,48,159,124,67,80,5788,580,4025,402,120,68,1295,379,1281,236,1329,200,3653,477,3612,474,1881,274,1731,326,41,41,36,41,5,5,5150,523,2543,398,1213,300,1394,350,252,184,530,245,762,345,1103,404,1317,515,2439,575,2841,573,3749,649,1028,394,405,227,623,288,16,26,17,28,300,286,160,145,54,78,44,39,152,100,162,95,123,83,9936,2538,432,239,158,159,438,185,6338,519,346,200,41,55,3,5,38,54,8,12,300,188,201,169,99,94,71,87,5,6,79,52,267,197,317,206,0,17,2,5,16,24,0,17,0,17,11,21,11,21,317,206,192,131,0,17,58,71,95,94,39,40,163,160,156,161,36,40,120,155,7,9,5,9,2,3,322,192,21,34,140,158,161,118,(X),(X),(X),(X),(X),(X),(X),(X),(X),(X),(X),(X),(X),(X),(X),(X),325,199,66,52,259,197,16,26,17,28,112,155,82,82,1,4,28,34,66,87,0,17,3,4,(X),(X),21,34,134,158,170,127,342,200,5.4,3.0,2.7,3.6,0.8,1.3,3.3,4.6,0.5,0.8,7.4,4.4,13.2,9.5,3.9,3.7,5.8,6.9,0.7,0.8,2.6,1.8,8.1,5.5,5.5,3.4,0.0,12.6,100.0,100.0,15.1,30.1,-,**,0.0,56.2,6.9,16.7,16.4,35.6,5.5,3.4,4.8,3.2,0.0,24.9,4.5,5.3,7.4,7.1,2.9,2.9,4.5,4.2,4.3,4.3,1.9,2.1,6.9,8.3,17.1,29.8,13.9,32.1,40.0,60.0,6.3,3.6,0.8,1.3,11.5,12.0,11.5,7.6,(X),(X),(X),(X),(X),(X),(X),(X),(X),(X),(X),(X),(X),(X),(X),(X),31.6,12.6,16.3,13.9,41.6,17.7,100.0,76.9,100.0,74.6,37.3,36.7,51.3,17.2,1.9,14.4,63.6,36.3,43.4,37.0,0.0,19.3,2.4,3.8,(X),(X),4.9,8.1,84.8,17.3,38.8,22.8,5.4,3.1,
2022,S1701,Subject Table,ST,1400000US17019010902,Census Tract 109.02; Champaign County; Illinois,17019010902,17,019,010902,1400000US17019010902,Census Tract 109.02; Champaign County; Illinois,3794,393,713,141,50,22,663,137,713,141,2394,343,848,258,1546,206,950,179,687,145,1784,216,2010,360,3543,384,2,3,8,9,32,45,0,12,0,12,209,187,58,41,3508,383,2678,274,94,45,813,197,860,148,911,170,2271,352,1980,231,890,142,1090,162,291,253,53,36,238,250,3148,364,1455,203,878,273,815,196,79,42,202,111,287,157,714,390,753,395,1291,417,2272,424,2699,406,525,133,235,82,290,94,0,12,0,12,43,46,87,55,29,24,79,42,166,78,67,44,54,32,11272,1414,303,97,123,60,99,44,3794,393,171,110,72,78,8,10,64,76,72,78,82,45,36,25,46,32,20,13,17,10,67,53,104,64,170,110,0,12,0,12,0,12,0,12,0,12,1,2,0,12,170,110,95,48,9,8,37,24,30,27,19,22,30,26,27,25,7,9,20,24,3,6,2,5,1,2,99,48,23,25,24,23,52,27,(X),(X),(X),(X),(X),(X),(X),(X),(X),(X),(X),(X),(X),(X),(X),(X),53,37,6,6,47,38,0,12,0,12,0,12,25,22,0,12,21,21,0,12,4,4,3,4,(X),(X),0,12,19,20,34,24,171,110,4.5,2.8,10.1,10.0,16.0,18.8,9.7,10.5,10.1,10.0,3.4,1.9,4.2,3.3,3.0,2.0,2.1,1.4,2.5,1.6,3.8,2.8,5.2,3.2,4.8,3.0,0.0,100.0,0.0,100.0,0.0,54.4,-,**,-,**,0.5,1.0,0.0,40.4,4.8,3.0,3.5,1.7,9.6,9.1,4.6,3.2,3.5,3.1,2.1,2.4,1.3,1.2,1.4,1.2,0.8,0.9,1.8,2.1,1.0,3.1,3.8,12.0,0.4,1.3,3.1,1.5,1.6,1.7,2.7,2.7,6.4,3.5,(X),(X),(X),(X),(X),(X),(X),(X),(X),(X),(X),(X),(X),(X),(X),(X),10.1,6.7,2.6,2.6,16.2,12.1,-,**,-,**,0.0,46.9,28.7,22.0,0.0,57.1,26.6,21.5,0.0,18.9,6.0,8.2,5.6,8.4,(X),(X),0.0,10.9,15.4,17.0,34.3,19.4,4.5,2.8,
2022,S1701,Subject Table,ST,1400000US17019011001,Census Tract 110.01; Champaign County; Illinois,17019011001,17,019,011001,1400000US17019011001,Census Tract 110.01; Champaign County; Illinois,2048,448,198,183,10,17,188,182,198,183,1761,347,1080,307,681,206,207,139,89,103,1163,273,885,265,1754,437,125,91,0,12,54,71,0,12,34,45,81,49,68,70,1749,438,1618,283,54,62,135,80,535,206,894,236,1596,317,1540,318,940,204,600,197,56,68,56,68,0,12,1861,360,1082,262,557,198,222,121,57,65,265,130,357,168,445,178,519,198,969,238,1188,245,1388,269,1418,332,877,237,541,199,0,12,0,12,223,183,771,191,178,134,106,75,125,81,15,23,0,12,N,N,850,254,440,169,128,96,2048,448,193,115,0,12,0,12,0,12,0,12,193,115,78,63,115,98,41,66,0,12,98,78,95,78,109,89,74,73,0,12,0,12,0,12,0,12,10,16,10,16,109,89,183,116,38,61,0,12,101,77,44,55,96,54,96,54,60,42,36,36,0,12,0,12,0,12,193,115,0,12,96,54,97,95,(X),(X),(X),(X),(X),(X),(X),(X),(X),(X),(X),(X),(X),(X),(X),(X),158,104,81,74,77,74,0,12,0,12,10,16,33,31,74,73,0,12,41,66,0,12,0,12,(X),(X),0,12,79,48,79,91,193,115,9.4,5.7,0.0,16.1,0.0,97.3,0.0,16.9,0.0,16.1,11.0,6.5,7.2,6.2,16.9,12.5,19.8,29.9,0.0,31.4,8.4,6.0,10.7,9.1,6.2,5.3,59.2,42.9,-,**,0.0,41.9,-,**,0.0,52.8,12.3,18.7,14.7,29.4,6.2,5.3,11.3,6.8,70.4,59.9,0.0,22.6,18.9,14.5,4.9,6.2,6.0,3.6,6.2,3.7,6.4,4.6,6.0,6.1,0.0,41.1,0.0,41.1,-,**,10.4,6.1,0.0,3.2,17.2,10.1,43.7,31.2,(X),(X),(X),(X),(X),(X),(X),(X),(X),(X),(X),(X),(X),(X),(X),(X),11.1,7.1,9.2,7.4,14.2,13.6,-,**,-,**,4.5,10.0,4.3,4.3,41.6,24.9,0.0,27.5,32.8,40.3,0.0,79.5,-,**,(X),(X),0.0,4.0,18.0,10.7,61.7,40.8,9.4,5.7,
2022,S1701,Subject Table,ST,1400000US17019011002,Census Tract 110.02; Champaign County; Illinois,17019011002,17,019,011002,1400000US17019011002,Census Tract 110.02; Champaign County; Illinois,2162,443,252,171,157,159,95,81,252,171,1734,385,755,209,979,411,251,112,176,107,1095,275,1067,263,1645,413,89,57,0,12,149,111,0,12,0,12,279,262,119,98,1618,416,1780,399,88,76,141,94,217,120,1334,384,1577,379,1564,380,808,243,756,208,13,20,13,20,0,12,1924,374,1214,385,380,135,330,157,45,45,271,165,331,173,509,198,519,194,703,188,941,261,1391,437,1138,358,645,229,493,191,0,12,0,12,130,80,365,154,181,127,119,84,301,325,18,27,24,28,5327,2312,735,357,242,107,161,108,2079,443,175,104,0,12,0,12,0,12,0,12,161,100,100,79,61,75,14,23,14,23,72,59,103,83,140,101,0,12,0,12,13,22,0,12,0,12,22,37,22,37,140,101,140,101,53,66,31,41,15,25,41,39,108,73,95,59,45,39,50,51,13,20,13,20,0,12,175,104,13,22,95,71,67,74,(X),(X),(X),(X),(X),(X),(X),(X),(X),(X),(X),(X),(X),(X),(X),(X),175,104,72,59,103,83,0,12,0,12,35,43,65,73,0,12,47,68,14,34,0,12,14,23,(X),(X),13,22,95,71,67,74,144,91,8.1,5.2,0.0,12.9,0.0,19.8,0.0,29.9,0.0,12.9,9.3,6.1,13.2,9.9,6.2,7.6,5.6,9.3,8.0,13.3,6.6,5.9,9.7,8.1,8.5,6.2,0.0,31.4,-,**,8.7,16.5,-,**,-,**,7.9,18.6,18.5,24.3,8.7,6.3,7.9,5.9,60.2,49.7,22.0,25.2,6.9,11.9,3.1,3.1,6.8,5.0,6.1,4.1,5.6,4.8,6.6,7.4,100.0,85.4,100.0,85.4,-,**,9.1,5.6,1.1,1.9,25.0,16.1,20.3,19.3,(X),(X),(X),(X),(X),(X),(X),(X),(X),(X),(X),(X),(X),(X),(X),(X),15.4,10.1,11.2,9.9,20.9,18.3,-,**,-,**,26.9,25.3,17.8,17.4,0.0,17.5,39.5,44.0,4.7,15.1,0.0,72.5,58.3,58.3,(X),(X),1.8,3.3,39.3,23.0,41.6,43.1,6.9,4.7,
2022,S1701,Subject Table,ST,1400000US17019011100,Census Tract 111; Champaign County; Illinois,17019011100,17,019,011100,1400000US17019011100,Census Tract 111; Champaign County; Illinois,2045,425,14,13,0,12,14,13,14,13,2023,423,1811,402,212,99,10,14,8,14,1394,336,651,253,1066,362,13,19,0,12,787,241,39,57,10,18,130,102,86,75,1047,362,768,173,0,12,23,24,168,109,577,178,1244,257,1216,254,811,226,405,126,28,30,28,30,0,12,2037,423,373,155,1058,259,606,325,716,299,1151,388,1238,386,1361,402,1552,395,1834,394,1961,437,1978,437,1870,413,1300,336,570,243,0,12,0,12,1263,407,503,187,91,48,2,4,3,5,8,14,0,12,9521,959,336,165,1009,255,525,314,2036,425,1081,383,0,12,0,12,0,12,0,12,1081,383,963,354,118,94,2,5,0,12,719,284,362,227,569,305,2,5,0,12,420,203,0,12,10,18,80,71,55,58,569,305,192,102,0,12,20,24,93,90,79,55,402,176,374,170,225,155,149,84,28,30,28,30,0,12,1081,383,0,12,589,209,492,263,(X),(X),(X),(X),(X),(X),(X),(X),(X),(X),(X),(X),(X),(X),(X),(X),997,358,670,281,327,212,0,12,0,12,889,349,74,53,30,35,2,4,2,5,0,12,0,12,(X),(X),0,12,553,200,444,253,1075,383,52.9,10.6,0.0,82.3,-,**,0.0,82.3,0.0,82.3,53.4,10.7,53.2,11.1,55.7,25.9,20.0,52.7,0.0,100.0,51.6,11.8,55.6,19.6,53.4,14.7,15.4,47.9,-,**,53.4,17.1,0.0,49.3,100.0,97.3,61.5,28.1,64.0,27.6,54.3,14.7,25.0,13.4,-,**,87.0,37.6,55.4,34.0,13.7,9.6,32.3,11.6,30.8,11.6,27.7,15.8,36.8,19.2,100.0,58.2,100.0,58.2,-,**,53.1,10.7,0.0,9.0,55.7,13.3,81.2,10.2,(X),(X),(X),(X),(X),(X),(X),(X),(X),(X),(X),(X),(X),(X),(X),(X),53.3,11.0,51.5,12.7,57.4,20.7,-,**,-,**,70.4,11.5,14.7,11.5,33.0,33.2,100.0,100.0,66.7,66.7,0.0,100.0,-,**,(X),(X),0.0,9.9,54.8,13.7,84.6,10.6,52.8,10.7,
