year,tract_geoid,display_area_label,median_household_income,poverty_rate,unemployment_rate,pct_rent_burden_30_plus,pct_rent_burden_50_plus,pct_hh_income_under_25k,pct_hh_income_100k_plus,pct_bachelors_or_higher,pct_age_18_24,pct_age_65_plus,pct_family_households,pct_one_person_households,pct_households_with_own_children_under_18,pct_households_with_60_plus,pct_renter_occupied,pct_vacant_housing_units
2019,17019000200,Champaign — Higher economic stress area,-1.2533958471906275,0.8421026590622076,2.225157140431423,0.8020000801486407,0.6643650271147052,1.2791296407903672,-1.3807640660196612,-1.6189566211313888,-0.24517315524970137,-0.28604751336555195,0.07466327721235626,0.08816321569491782,0.44831307769875844,0.20166250391542648,0.38133138378323544,1.5088075024639103
2019,17019000301,Champaign — Student-dense area,-1.6939980862517037,2.4835361396112536,0.09344407646519128,1.4159383281954798,2.376704782990276,2.3437402546911486,-1.4015801640804222,-0.11057059477405208,2.4238864558401083,-1.2787939322321082,-1.9835318171481326,0.47037414276463596,-1.6774507601834159,-1.7052680446874886,1.7065188169958676,0.6494902381743229
2019,17019000302,Champaign — Student-dense area,-1.5926527861288773,1.8946248908646495,-0.7172073703952068,0.5629444791392522,1.1386303618970228,1.901993111993729,-1.3963761395652319,0.21654926636368374,1.6592172630312951,-1.428239629695891,-1.8707838202277927,1.7566609165569578,-1.7599634021500308,-1.7468521999529727,1.7065188169958676,1.7469611442813104
2019,17019000401,Champaign — Student-dense area,-1.7937704678394526,2.784256777269094,0.3636612254186574,0.7608638890658567,1.7624322164561457,2.7368952116918517,-1.4380083356867535,0.44825916800291327,2.6095918312365343,-1.428239629695891,-2.0662427029198103,0.5071251934444166,-1.7599634021500308,-1.7468521999529727,1.7065188169958676,1.6205187468215567
2019,17019000402,Champaign — Student-dense area,-1.7515175581716889,2.704899942331608,0.8740713956640933,1.2995151458857126,2.0827628985270463,2.6706331402872387,-1.313111747322189,1.2115388439909633,2.402038764616999,-1.428239629695891,-2.011827646491075,0.9628382218736965,-1.7599634021500308,-1.7468521999529727,1.7065188169958676,0.7894361926443415
2019,17019000500,Champaign — Mixed residential area,-0.5400001876832945,0.2615447613616542,-0.08670068950378597,0.9122140260685537,0.9289860253471884,0.06874246979943795,-0.42322355522466565,0.7344890464984322,-0.015772397407057406,0.03419326691398236,-0.839509670790399,1.1024922144568627,-0.889752755429957,-0.10724836377102681,0.4606248280406939,-0.9206051632919372
2019,17019000700,Champaign — Mixed residential area,-0.6769983079345406,0.05271098521037607,1.6546987148629955,0.2796480688521522,-0.1727462747730949,0.0731599412264122,-1.156991011866483,-1.5190033302281918,-0.33620520201265525,-0.3821197474494121,0.0006588004692759509,0.22781720827808408,0.13867800887558457,-0.22011964234876957,-0.14649750910654194,0.8864162838998806
2019,17019000800,Champaign — Mixed residential area,-0.22085193276211168,-0.6072037474276629,-0.6571591150722143,-1.1065639551828088,-0.8104755502918218,-0.611548129954588,-0.5064879474677089,0.14839929529332213,-0.5291931411501176,-0.4888666742092569,-0.3493388424803503,0.6614796062994953,0.016185014615867344,-0.7369512863626437,0.6859134979910696,-0.5339123943616229
2019,17019000901,Champaign — Family-oriented residential area,-0.7840801344794137,0.21977800613139858,1.6546987148629955,-0.32187170641497814,-0.616224679013129,0.15709189833892184,-1.156991011866483,-1.6007832955126258,-0.3908244300704276,-0.8411315325167447,0.38243483637328385,-0.16909413906354653,0.6209941737732205,-0.5290305100352231,0.5732691630158817,0.11180314994740988
2019,17019000902,Census Tract 9.02 — Family-oriented residential area,-0.04974306937761977,-0.5194935614441261,-0.4169660937802445,-0.148013087499059,-0.7789555975937698,-0.6159656013815622,-0.058941839161352046,-0.41043046748364287,-0.45272622186923633,-0.23267404998562957,0.299288630150176,-0.20584518974332716,0.6337538606752746,-0.2854661720516731,-0.1852934432067577,-0.9574330460472052
2019,17019001000,Champaign — Mixed residential area,-0.20499938125172437,-0.3064831097698224,-0.7772556257181992,-0.28772090627077995,-0.8830447437129183,-0.03285937302096841,-0.1890424520411069,-0.1423739146068873,-0.3616941751062824,-0.051204274493893344,0.08511096804667355,-0.2793472911028884,0.13017155094088187,0.02344469563478041,-0.18767564968659528,0.8152157105730293
2019,17019001100,Champaign — Senior-heavy residential area,0.3477426968983953,-0.7408573641644809,-1.287665795963635,-0.3552463520104447,-0.5172666879843612,-0.6203830728085363,0.294931827871581,0.1847459465308482,-0.7076159528055074,0.824120524936834,0.13256089725253067,-0.04414056675229273,0.018736951996278214,0.7541377095854301,-0.8022849214847498,-0.5621471044739951
2019,17019001201,Champaign — Mixed residential area,-0.5404011277020397,-0.15612279094090206,1.4145056935710254,-0.5011634071720198,-0.34647252569026543,0.1615093697658961,-0.7979133203183596,-0.9465435732371543,-0.44544365812819997,0.10891611564587382,0.2979826687958866,0.08081300555896159,0.017035660409337735,0.08285063172832917,0.16523122454080566,-0.3436350001260713
2019,17019001203,Champaign — Senior-heavy residential area,0.46012926830666656,-0.8243908746249922,-0.38694196611874826,-1.4480719566247924,-1.0619021497204693,-0.8942663012809364,0.3834002446298145,-0.046963955108381,-0.5109867317975268,0.023518574237997924,0.724596711197172,-0.5072038053175284,-0.037405670372758805,0.8788901753818826,-0.8397195947393441,-0.873956511801931
2019,17019001204,Champaign — Family-oriented residential area,1.8122532192150138,-0.9162777361315545,-0.32689371079575574,-0.7898928993002422,-1.4899870886893618,-0.9251886012697559,1.710426496003314,0.5436691275014196,-0.6821269797118802,0.3010605838135943,1.6204862002398726,-1.8008407892458063,2.2134030991495433,0.6353258373983327,-0.9700603207076126,-0.7082310394032248
2019,17019001205,Champaign — Family-oriented residential area,1.1610649456929945,-0.6364404760888418,-0.7172073703952068,-0.5097011072080693,-0.303224218499915,-0.611548129954588,1.1640039219083436,1.0025455993751875,-0.6894095434529166,-0.4354932108293345,0.7655168336315815,-0.8747143121153346,0.9340318257702757,-0.3329909209265121,-0.5075719484076726,-0.6014301794129475
2019,17019001206,Census Tract 12.06 — Senior-heavy residential area,1.4298181244118955,-0.8703343053782734,-1.1075210299946576,0.9649925353823148,0.6475055175320265,-0.8412566441572461,1.4866534418501358,0.8571589944250826,-0.6930508253234348,1.7421440950714988,1.0314976294552403,-0.9629168337468083,0.17440513220133524,1.7046326870822104,-1.2848518912576088,-1.1219309223540692
2019,17019001301,Champaign — Senior-heavy residential area,0.37149068262407287,-0.5737903432434583,-0.1767730724882746,-1.1500286099117885,-0.9644102030032387,-0.49227640142628476,0.320951950447532,0.7708356977359583,-0.5910949329489262,0.8881686809927406,0.3841761181790034,-0.1323430883837659,0.29689812646105246,0.6947317734918814,-0.4783048402268081,-0.2883931759931693
2019,17019001302,Savoy — Senior-heavy residential area,1.0139816418933114,-0.6865605823651485,-0.2368213278112671,1.4066244736106985,-0.004151178946304955,-0.5850433013927429,1.0286992845133984,0.5981891043577087,-0.6384315972656625,2.147782416758909,0.1965530036127235,0.3307201501814697,-0.03995760775316968,1.5264148788015641,-0.7543004766765883,-0.5032224920655661
2019,17019001400,Census Tract 14 — Family-oriented residential area,-0.14726401855241492,-0.12270938675669754,-0.747231498056703,1.0379510629631026,-0.2951609747864596,-0.0637816730097879,0.4770726859032378,1.1024988902783845,0.7962334597184918,-0.8731556105446983,0.09077013391526183,0.06611258528704914,0.9119150351400488,-0.30328795287973775,0.20368684342961607,-0.7438313260666506
2019,17019005300,Urbana — Student-dense area,-1.2479060530878083,1.1094098925358435,0.9641437786485819,-0.7107251353296004,-0.28709773107300446,1.2084500979587804,-1.1934191834728145,-0.28776051955699217,0.8144398690710826,-1.0012519226565118,-1.070664830499667,1.0804415840489947,-1.0105444581027336,-1.3785353961729703,1.1392133595830638,0.8053949418382909
2019,17019005401,Census Tract 54.01 — Mixed residential area,-0.8567736440319096,0.2364847082235008,1.1442885446175592,0.7546546526760021,-0.3076223514345268,0.17917925547379282,-1.099746742199391,-0.6375970377181815,-0.10680444417001135,-0.31807159139350527,-0.5561160569095449,1.1906947360883364,-0.08674312639403362,-0.35675329536393174,0.5368554353955035,-0.34117980794238684
2019,17019005402,Census Tract 54.02 — Senior-heavy residential area,-0.5139390864648562,-0.21041957274023443,0.8140231403411008,-0.09756304183149335,-0.7063864041726733,-0.05936420158281364,-0.7666891732272184,-1.1419068236388574,-0.5874536510784082,0.46118097395336144,0.14518519034399727,-0.02944014648038027,0.05361342952855879,0.8670089881631727,-0.9666571685935587,-0.8039835345669217
2019,17019005500,Urbana — Senior-heavy residential area,-0.35945381308833857,-0.4484900775526915,-0.14674894482677847,-0.5725696256553432,-0.5062713556478314,-0.37742214432495563,-0.07455391270692267,-0.3831704790554985,-0.6675618522298076,0.738722983528958,0.13430217905825018,0.0073109041994003495,-0.22369709914274535,0.18384072308736202,-0.5821009797054554,1.1270251179009652
2019,17019005600,,-0.038578431932561,-0.3440731894770524,0.7839990126796047,0.4620443878041209,0.7948429708415252,-0.07703408729071036,-0.324347089436052,0.13931263248394046,-0.5401169867616721,-0.35009566942145876,0.46645168349925137,-0.2646468708309765,0.6303512775013936,-0.15477311264586585,-0.13696868318719066,-0.46516701321845594
2019,17019005701,Urbana — Senior-heavy residential area,-0.36306227325704543,-0.34824986500007804,0.5738301190491311,0.8128662438308856,0.4195356270879758,0.14825695548497347,-0.10577805979806372,0.5618424531201826,-0.5510408323732265,0.6533254421210821,0.14562051079542737,0.3307201501814697,0.32752137502598166,0.6293852437889778,-0.09817274908697492,0.05656132581450792
2019,17019005702,Census Tract 57.02 — Senior-heavy residential area,-0.10593635508175536,-0.14359276437182536,-0.9874245193486728,0.4853290242660741,0.39387985163607286,0.06874246979943795,0.24289158271967906,0.5800157787389456,-0.24517315524970137,1.3792045440880267,-0.1926234799655922,0.2866188893657329,-0.9297331077230592,0.9739396731315604,0.24452466879826407,-1.1084273653438041
2019,17019005800,Urbana — Higher economic stress area,-0.37533720613862936,0.16548122433206625,-0.5070384767647331,-0.10377227822134746,0.35942781031494636,0.2984509840020962,0.22727950917410863,1.4886820596771004,0.22819348791765914,0.04486795958996699,-0.2918765428916057,-0.051490776888248956,-0.3291771775330572,-0.22606023595812433,-0.09476959697292087,0.17318295453952326
2019,17019005900,,-1.5740553375670805,1.9906884278942374,0.5438059913876346,1.7194147567496065,1.7880879919080486,2.0035949548141354,-1.2506634531399063,2.120205124929118,2.398397482746481,-1.4175649370199066,-1.8220279296676458,0.8084838090186178,-1.7599634021500308,-1.7468521999529727,1.5139004073404105,0.9527064728593634
2019,17019006000,Census Tract 60 — Student-dense area,-1.254351934927635,0.7836292017398494,0.2435647147726724,0.25946805058512606,-0.08551663823662525,1.4690809121502577,-1.1934191834728145,1.9748185199790131,1.5536200887862683,-1.2681192395561238,-0.9923071492422881,1.925715749683949,-0.23560614025132873,-1.5448720172349069,1.664660045993003,0.1596793975292584
2019,17019010100,Census Tract 101 — Mixed residential area,-0.6399267769705609,-0.35242654052310357,-0.14674894482677847,0.7802677527841513,0.32424274683805104,0.25427626973235423,-0.9592380802892556,-1.3327267426358702,-0.7112572346760255,0.29038589113761004,0.25009741913859934,0.3307201501814697,0.8676814538795955,0.8967119562099471,0.19483864793307548,-0.03919116934918909
2019,17019010204,Rantoul — Mixed residential area,-0.46209445788711095,-0.27724638110864347,0.7539748850181083,0.6382314703662348,-0.23798524663650494,-0.3332474300552137,-0.7094449035601263,-1.5826099698938627,-0.5328344230206358,0.1302655009978427,0.814708044643158,-0.6909590587164315,0.6890458372508412,0.670969399054462,-0.5575982844842665,0.6531730264498499
2019,17019010300,Rantoul — Family-oriented residential area,-0.7478104835529245,0.16965789985509186,0.5137818637261385,0.4356551331472401,0.03909712824404549,-0.010772015886097434,-0.8135253938639302,-1.496286673204738,-0.43087853064612736,-0.7557339911088689,0.5295731489565846,-0.3528493924624496,1.077790964866749,-0.26170379761425366,0.7597618988660417,0.9612996455022593
2019,17019010400,Census Tract 104 — Senior-heavy residential area,0.2515787754793532,-0.6406171516118674,-0.2968695831342596,-1.0188584911761176,-0.8493257245475604,-0.6203830728085363,0.12319901887030475,-1.3645300624687056,-0.5801710873373719,0.8347952176128182,0.8229791332203258,-0.9776172540187205,0.23139840036384265,0.8016624584602691,-0.9615524404224777,0.23824554740716336
2019,17019010500,Fisher — Family-oriented residential area,0.6693582750118564,-0.7909774704407876,-0.47701434910323687,-1.205135582871745,-1.226832134768416,-0.7661596298986848,0.560337078146281,-0.7012036773838527,-0.5947362148194444,0.5999519787411597,1.1590465217241956,-1.2716256594569655,0.7792142913586887,0.8670089881631727,-1.2726005436470142,-0.16686116290078482
2019,17019010601,Census Tract 106.01 — Family-oriented residential area,1.011699367940454,-0.8953943585164267,0.06341994880369516,-1.6390059756128106,-1.1168788114031183,-0.9826157298204203,0.9922711129070673,-0.015160635275545776,-0.5073454499270087,-0.3287462840694897,1.4990317942909348,-1.668537006798596,1.5975355446770765,0.24918725279026574,-1.0544584931361523,-1.2532837041811915
2019,17019010603,Mahomet — Family-oriented residential area,0.9123587679113538,-0.6239104495197652,-0.8373038810411917,-0.17440234215593983,-0.028340910086670595,-0.6336354870894589,0.9454348922703553,-0.26958719393822916,-0.5947362148194444,-0.051204274493893344,1.1455515877298692,-1.2201741885052726,1.492906112080235,0.433345654680267,-1.142600132890151,0.38432948233639336
2019,17019010604,Census Tract 106.04 — Senior-heavy residential area,-0.037036354937387134,-0.4610201041217682,-0.14674894482677847,0.38054816018728355,0.07574823603247807,-0.43926674430259444,0.14921914144625573,-1.1419068236388574,-0.58381236920789,1.4432527001439333,0.9749059707693549,-0.9335159932029836,-0.10120410488302814,1.4016624130051116,-0.7563423679450207,-0.11407453095156735
2019,17019010700,,0.8556103344889556,-0.749210715210532,-0.8673280087026879,0.2742149870110297,0.5580768145282508,-0.5717908871118202,0.7632940342386985,-0.7784403112635956,-0.609301342301517,0.1302655009978427,1.252205098330191,-1.3892290216322634,1.4495231766132515,0.6828505862731715,-1.227338620530096,-0.9463846812206247
2019,17019010800,Census Tract 108 — Senior-heavy residential area,0.3304714345524481,-0.6406171516118674,-0.02665243418079347,-0.7472043991199939,-1.1095485898454318,-0.6071306585276138,0.35217609753867324,-1.1419068236388574,-0.6566380066182532,0.493205051981315,1.0188733363637734,-1.2128239783693164,0.6320525690883341,0.7481971159760752,-1.3049304887305275,-0.2883931759931693
2019,17019010900,,0.3491922492738588,-0.4526667530757171,-0.5370626044262293,-0.8527614177475161,-0.19766902806922904,-0.49227640142628476,0.3157479259323421,-0.710290340193234,-0.41631340316405474,0.17296427170178064,0.7289499157114712,-0.7056594789883439,0.6720329213814361,0.6056228693515583,-1.0599035365186387,-0.34486259621791376
2019,17019011000,,-0.642394100162839,-0.3357198384310013,-0.627134987410718,0.21988416859980484,-0.3706622568306308,0.17034431261984445,-0.3139390404056715,0.6708824068327611,-0.190553927191929,-0.5529148302651639,-1.2717828790602732,1.7787115469648265,-1.120277765460397,-0.5824958525194169,0.9809667862795525,0.050423345355296495
2019,17019011100,Urbana — Student-dense area,-1.2115747190815123,1.3892471525785561,2.135084757446935,0.3867573965771382,0.20476013544776087,1.2349549265206252,-1.292295649261428,0.8071823489734843,1.3679147133898426,-1.3321673956120306,-1.7832844094903861,0.654129396163539,-1.4605360828485001,-1.4735848939226484,1.548952874115167,0.47517159313272117
2021,17019000200,Champaign — Higher economic stress area,-1.1255268227508106,0.6666822870951338,1.3544574382480332,0.6126183702580862,0.6328450744166532,0.9831590551830964,-1.3235197963525693,-1.3463567368499423,-0.1286521353931202,-0.5315654449131948,0.23834376694999235,-0.2719970809669327,0.5308257196653733,-0.2735849848329634,0.3946036770280461,0.6838629287459066
2021,17019000301,Champaign — Student-dense area,-1.742943610078522,2.441769384380998,0.6939266296951158,1.4019675463183077,2.3605782955633656,2.3304878404102256,-1.375560041504471,0.6981423952609055,2.3474195365592267,-1.342842088288015,-2.0370762326740084,0.4997749833084604,-1.6893598012919995,-1.7468521999529727,1.7065188169958676,1.5775528836070776
2021,17019000302,Champaign — Student-dense area,-1.6115894916296125,1.6899677902363968,-0.2368213278112671,0.8578832076573294,1.4479657116313942,1.6457797692292253,-1.3235197963525693,0.7435757093078132,1.6118805987145592,-1.3321673956120306,-1.9356465674908454,2.3667283578413163,-1.7599634021500308,-1.6636838894220045,1.7065188169958676,2.474925626743775
2021,17019000401,Champaign — Student-dense area,-1.7748954454185246,2.817670181453299,0.5137818637261385,1.5998869562449116,2.4346135332959995,2.701555440276058,-1.4380083356867535,0.7072290580702871,2.649645931812234,-1.4175649370199066,-2.0658073824683805,0.8966863306500915,-1.7599634021500308,-1.7112086382968432,1.7065188169958676,1.8586723886389567
2021,17019000402,Champaign — Student-dense area,-1.8075874777162104,2.7591967241309407,0.2435647147726724,1.1225519087748663,2.056374100919375,2.6662156688602647,-1.2714795512006674,1.9430152001461778,2.2928003085014543,-1.4068902443439222,-2.0113923260396454,1.308298098263634,-1.7599634021500308,-1.7052680446874886,1.7065188169958676,2.590319659376948
2021,17019000500,Champaign — Mixed residential area,-0.07167140424899211,-0.26471635453956677,-0.7172073703952068,0.22298878679473244,0.6372432073512653,0.037820169810618615,0.2793197543260106,1.0025455993751875,-0.43087853064612736,-0.1899752792816916,-0.4185547942577016,0.8819859103781791,0.27137875265694467,-0.2735849848329634,0.39664556829647835,-0.5461883552800455
2021,17019000700,Champaign — Mixed residential area,-0.7047865353875736,0.2991348410688842,2.5253984170463855,-0.4592510615405036,-0.29222888616338505,0.1615093697658961,-1.1257668647753418,-1.6871065922017503,-0.32892263827161894,-0.4568425961813036,0.30320651421304506,-0.23524603028715207,0.2203400050487294,-0.30328795287973775,0.0488434222401584,-0.09075020520656432
2021,17019000800,Champaign — Mixed residential area,-0.03327368706916291,-0.43178337546058926,-0.1167248171652821,-1.5008504659385538,-0.8793796329340751,-0.7043150299210461,-0.14220623140439523,0.26198258041059147,-0.3179987926600645,-0.5208907522372104,-0.21917802750281506,0.0514121650151372,0.18206094434256753,-0.7963572224561924,0.815573593536527,-0.9193775672000949
2021,17019000901,Champaign — Family-oriented residential area,-0.6893657654358349,0.16965789985509186,1.6246745872014987,-0.3816356066673255,-0.4454305167190332,0.17917925547379282,-1.0529105215626793,-1.7052799178205134,-0.3034336651779918,-0.7023605277289465,0.22528415340709596,0.33807036031742593,0.7230716689896517,-0.4577433867229646,0.45415883902399135,0.443254094744822
2021,17019000902,Census Tract 9.02 — Family-oriented residential area,0.006265167087094961,-0.6030270719046373,0.5438059913876346,-0.5981827257634924,-0.9013702976071346,-0.6336354870894589,0.11799499435511449,-0.56944706664782,-0.41631340316405474,-0.28604751336555195,0.2762166462243924,-0.38225023300627453,0.7775129997717479,0.08879122533768391,-0.47796452501540254,-0.8899152609958805
2021,17019001000,Champaign — Mixed residential area,0.013327879724991257,-0.4401367265066404,-0.47701434910323687,0.8439124257801573,-0.9658762473147761,-0.2448980015157298,0.20125938659815765,0.13476930107924995,-0.33620520201265525,-0.1793005866057072,-0.059415421828047765,-0.4337017039579671,0.18206094434256753,-0.3151691400984475,-0.14411530262670413,0.8324020558588211
2021,17019001100,Champaign — Senior-heavy residential area,0.6142444432043425,-0.7659174173026343,-1.1975934129791463,-0.05565069619997724,-0.100910103507767,-0.7970819298875041,0.5291129310551398,0.7254023836890505,-0.4709326312218271,0.8454699102888028,0.6114133938254025,-0.38960044314223025,0.27393069003735554,0.8610683945538178,-0.7740387589381016,-1.0237232350066876
2021,17019001201,Champaign — Mixed residential area,-0.38702614976204724,-0.33154316290797575,1.0542161616330707,-1.372008810849078,-0.9885999341436041,-0.39067455860587824,-0.699036854529746,-0.4785804385540045,-0.42359596690509105,0.023518574237997924,0.4764640538821385,-0.3307987620545815,0.463624701981223,-0.03596124045876835,-0.0001619682022192938,-0.13985404888025507
2021,17019001203,Champaign — Senior-heavy residential area,0.5411191520931978,-0.8285675501480178,-0.5370626044262293,-2.1171171776315876,-1.4555350473682354,-0.907518715561859,0.3573801220538635,-0.1923505600584859,-0.5619646779847811,0.3651087398695013,0.5526451328823682,-0.0367903566163365,-0.21433999541457227,0.6531476182263971,-0.8135153234611282,-1.0544131373027443
2021,17019001204,Champaign — Family-oriented residential area,1.973492789830393,-0.8912176829934012,-0.8373038810411917,-2.013112468101529,-1.2532209323760874,-0.9870332012473946,2.0486880894906765,0.938938959709517,-0.769517744604316,0.6319760567691133,1.2165088213129407,-1.1981235580974041,1.6290094390354763,0.7363159287573653,-1.1031235683671246,-0.6922722902092754
2021,17019001205,Champaign — Family-oriented residential area,0.7129373708954697,-0.5236702369671516,-0.47701434910323687,0.8524501258162068,0.9084614049856666,-0.2272281158078331,0.8673745245425023,0.7481190407125043,-0.4964216043154542,0.09824142296988937,0.7333031202257697,-0.6395075877647386,1.0165444677368907,-0.06566420850554273,-0.4337235475327005,-0.5781058536679445
2021,17019001206,Census Tract 12.06 — Senior-heavy residential area,1.267591624519605,-0.749210715210532,-0.9874245193486728,0.8027762346973728,-0.9688083359378505,-0.7175674442019686,1.179615995453914,0.8344423374016287,-0.7185397984170617,2.2545293435187537,0.765952154083011,-0.49250338504561614,-0.3028071579354793,1.6155237829418871,-1.2317627182783664,-0.5768782575761022
2021,17019001301,Champaign — Senior-heavy residential area,0.23335142539639814,-0.5863203698125351,0.12346820412668766,0.1298502409469185,-1.1571950299703941,-0.545286058549975,0.07636279823359307,0.6981423952609055,-0.6275077516541078,1.0696384564844765,0.48255854020215694,-0.5145540154534846,0.5886696336213508,1.1046327325373677,-0.42147219992210605,-0.38414567115686615
2021,17019001302,Savoy — Senior-heavy residential area,1.1914130209580163,-0.7868007949177621,-0.356917838457252,1.0519218448402745,-0.04006926457896903,-0.7529072156177622,1.1952280689994847,0.5800157787389456,-0.6602792884887713,2.7242158212620704,0.01894225942933113,0.11756405623874222,-0.23900872342520998,2.0135435547686633,-0.8199813124778307,-0.5731954693005754
2021,17019001400,Census Tract 14 — Family-oriented residential area,-0.07176392886870255,-0.3064831097698224,-0.9874245193486728,0.12752177730072306,-0.7019882712380613,-0.5099462871341814,0.560337078146281,1.011632262184569,0.6869950036029471,-0.958553151952574,0.553515773785228,-0.6468577979006949,1.6213536268942437,-0.4042780442387706,0.17407942003734603,-0.5658298927495218
2021,17019005300,Urbana — Student-dense area,-1.2428788820835417,1.0091696799832302,1.5346022042170104,-0.31022938818400153,0.008310197701761989,1.2172850408127287,-1.214235281533575,-0.09694060055997956,0.9965039625969905,-0.937203766600605,-1.2238976294029862,1.6831588151973964,-1.0037392917549715,-1.2716047112045825,1.279423226682089,1.5149454829231217
2021,17019005401,Census Tract 54.01 — Mixed residential area,-0.8174198391150727,-0.022469174204084084,0.3636612254186574,1.2444081729257561,-0.3457395035344967,0.4133052411034253,-1.1517869873512927,-0.6603136947416355,-0.2160429002855561,-0.051204274493893344,-0.24268533188002872,0.9701884320096528,0.14803511260375735,-0.3329909209265121,0.6321436945890163,-0.12635049186998998
2021,17019005402,Census Tract 54.02 — Senior-heavy residential area,-0.07935094768495796,-0.16447614198695318,1.2643850552635443,-1.6739329303057406,-1.3360524359779449,-0.3597522586170589,-0.7614851487120282,-1.1419068236388574,-0.6457141610066985,0.3757834325454856,0.3093010005330635,-0.5513050661332652,-0.0884444179809744,0.8788901753818826,-0.7481748028712911,-0.9255155476593063
2021,17019005500,Urbana — Senior-heavy residential area,-0.08653702648246815,-0.4526667530757171,-0.8373038810411917,-0.6183627440305185,-0.1558867651904159,-0.31999501577429107,0.06595474920321254,-0.3422804964132813,-0.7076159528055074,0.38645812522147016,-0.062462664988056964,0.06611258528704914,-0.6303057884215285,0.320474376102524,-0.2087751927937303,0.7820706160932881
2021,17019005601,Urbana — Mixed residential area,-0.4108975016473387,-0.4986101838289983,1.6246745872014987,0.23851187776936772,0.5316880169205793,-0.09470397299860724,-0.6053644132563224,0.17565928372146683,-0.48185647683338156,-0.11525243054980017,-0.04548516738229148,0.2057665778702154,0.2024764433858539,0.00562291480671574,0.026382618287402036,-0.7143690198624362
2021,17019005602,Census Tract 56.02 — Senior-heavy residential area,-0.3978515302681678,-0.1978895461711577,-1.257641668302139,0.43022205130611757,-0.4556928268997944,-0.3332474300552137,0.15962719047663607,0.47097582502636715,-0.11044572604052942,0.9522168370486476,-0.46861664617213844,0.4483235123567678,-1.1092193701452835,0.5105733716018802,0.6484788247364752,-1.1096549614356463
2021,17019005701,Urbana — Senior-heavy residential area,-0.5456441894856309,-0.24383297692443895,1.924915863816461,1.1357465361033068,1.0279440163759566,0.08641235550733482,-0.11618610882844425,0.1029659812464144,-0.5401169867616721,1.4859514708478714,0.3319376640074172,-0.16174392892759082,-0.12502218710019544,1.0214644220063995,-0.017177728772489353,-0.30926230955448786
2021,17019005702,Census Tract 57.02 — Senior-heavy residential area,1.9152639624926278,-0.749210715210532,-1.4377864342711162,-0.5834357893375881,0.96637015529139,-0.7970819298875041,1.5699178340931785,1.0252622563986413,-0.7440287715106889,2.2972281142226914,0.8891478418376679,-0.6248071674928265,-0.12587283289366555,2.2155237374867296,-0.982992298741018,-0.9991713131698424
2021,17019005800,Urbana — Higher economic stress area,0.05320599082018737,0.3241948942070377,-0.356917838457252,0.6972192160698506,1.153290805012396,0.04665511266456697,0.4978887839639989,1.5977220133896792,0.3483557896447585,0.06621734494193587,-0.43335568960631776,0.18371594746234723,-0.44911823441236354,-0.11318895738038177,-0.12573828121081249,0.18054853109057692
2021,17019005901,Urbana — Student-dense area,,2.508596192749407,0.033395821142199036,0.7034284524597048,2.062971300321293,2.6838855545681612,-1.0581145460778694,0.6708824068327611,2.51855978447358,-1.428239629695891,-1.4446050982779368,1.2568466273119414,-1.7599634021500308,-1.7468521999529727,1.5077747335351133,0.5291858211737809
2021,17019005902,Urbana — Student-dense area,-1.473265185162517,1.4936640406541952,-0.8973521363641842,1.281663591264882,0.7611239516761672,1.7120418406338382,-1.4380083356867535,1.293318809275397,2.296441590371973,-1.4175649370199066,-1.7789312049760873,2.028618691587334,-1.3380430885887828,-1.5745749852816813,1.7065188169958676,2.063680935976615
2021,17019006000,Census Tract 60 — Student-dense area,-1.1695377001930727,0.4829085640820091,-0.1767730724882746,-0.06341224168729516,-0.10384219213084155,1.1951976836778577,-0.969646129319636,1.8158019208148362,1.6482934174197408,-1.2147457761762015,-0.9883892651794192,1.705209445605265,-0.16670383098023794,-1.4082383642197447,1.6343719921779223,0.9637548376859437
2021,17019010100,Census Tract 101 — Mixed residential area,-0.5269850578440272,-0.5988503963816117,-1.137545157656154,-0.012186041470997323,-0.38532269994600377,-0.2979076586394201,-0.9748501538348263,-1.2464034459467452,-0.6420728791361805,0.46118097395336144,0.2666395962929347,0.19106615759830345,-0.10885991702426044,0.665028805445107,0.1574039746784813,0.34013602303007157
2021,17019010204,Rantoul — Mixed residential area,-0.450405514263693,-0.08511930704946753,0.6639025020336197,-0.6431996895899356,-0.70272129339383,-0.05494673015583938,-0.6313845358322734,-1.6007832955126258,-0.492780322444936,0.11959080832185826,0.3341142662645668,0.13226447651065415,-0.02294469188376428,1.0808703580999484,-0.8121540626155066,0.4923579384185128
2021,17019010300,Rantoul — Family-oriented residential area,-0.7900325516807848,0.2740747879307309,1.3844815659095293,0.6475453249510166,-0.24238337957111675,0.059907526945489585,-0.9540340557740654,-1.7916032145096383,-0.5437582686321902,-0.9692278446285584,0.5918239735110579,-0.6983092688523876,1.3857247421029821,-0.6537829758316756,0.9819877319137682,0.32294967774427996
2021,17019010400,Census Tract 104 — Senior-heavy residential area,0.43079896385845967,-0.6865605823651485,-0.14674894482677847,-1.2742133377088736,-0.7298431131572701,-0.6998975584940719,0.42503244075133584,-1.314553417017107,-0.5983774966899627,0.7707470615569115,0.8338621445060729,-0.8159126310276857,0.0774315117457261,0.8016624584602691,-1.10346388357853,0.02464382742660899
2021,17019010500,Fisher — Family-oriented residential area,1.1220812392549993,-0.8076841725328899,-0.8673280087026879,-1.8237307582109747,-1.3191929263952662,-0.8810138870000139,1.0547194070893495,-0.7784403112635956,-0.6420728791361805,0.5145544373332839,1.5630239006511277,-1.9404947818289726,1.120323254540262,0.7303753351480108,-1.259668565613609,-0.7892523814648146
2021,17019010601,Census Tract 106.01 — Family-oriented residential area,1.298926629061538,-0.912101060608529,-0.8673280087026879,-1.8547769401602459,-1.31699385992796,-1.0930525154947752,1.34094075542481,-0.09239726915528873,-0.6675618522298076,-0.30739689871752085,1.6762072180228977,-1.8743428906053676,2.220208265497305,0.0115635084160707,-1.3069723799989597,-1.2066350526911855
2021,17019010603,Mahomet — Family-oriented residential area,1.329243862786656,-0.7450340396875065,-0.7172073703952068,-0.6463043077848626,-0.5253299316978163,-0.770577101325659,1.419001123152663,-0.09694060055997956,-0.5619646779847811,-0.2113246646336605,1.2017079259643244,-1.3524779709524826,1.733638871632318,0.20166250391542648,-1.1742494475508534,0.4555300556632449
2021,17019010604,Census Tract 106.04 — Senior-heavy residential area,1.1980747935771674,-0.7366806886414554,-0.5971108597492218,-1.0305008094070942,-0.31568559514798195,-0.814751815595401,1.2160441670602455,-1.1373634922341669,-0.609301342301517,0.6426507494450975,0.5069364854822305,-0.536604645861353,-0.13267799924142776,0.5165139652112352,-1.0428877759483686,-0.3657317297792323
2021,17019010701,St. Joseph — Family-oriented residential area,1.001089878213658,-0.6406171516118674,-0.8973521363641842,-0.9870361546781146,-1.283274840762602,-0.5320336442690524,0.9142107451792144,-0.7284636658119971,-0.6129426241720353,0.24768712043367191,0.950528025489282,-0.9114653627951151,1.658782041806935,1.270969353599304,-1.215427588130907,-1.433740329682005
2021,17019010702,Census Tract 107.02 — Family-oriented residential area,1.0061478907578283,-0.7199739865493531,0.7839990126796047,-0.6936497352575012,0.35429665522456577,-0.8942663012809364,0.9506389167855456,-0.9283702476183912,-0.6202251879130717,0.16228957902579622,0.998848595597999,-1.2275243986412285,0.5053063458612655,0.48681099716446075,-1.2259773596844745,-0.617388928606897
2021,17019010800,Census Tract 108 — Senior-heavy residential area,0.9531312836637508,-0.6573238537039696,-0.5370626044262293,-0.05487454165124561,0.3586947881591776,-0.6689752585052525,0.8621705000273124,-0.9465435732371543,-0.631149033524626,0.4505062812773772,1.0728530723410787,-1.293676289864834,0.7426365222394676,0.5699793076954289,-1.2661345546303118,-0.46884980149398264
2021,17019010901,Census Tract 109.01 — Family-oriented residential area,0.5040476211292182,-0.5362002635362284,-1.1675692853176503,1.6076485017322302,0.6313790301051162,-0.545286058549975,0.6956417155412261,-0.7330069972166878,-0.1978364909329653,-0.2113246646336605,0.9783885343807945,-1.30102650000079,0.695000357805133,0.2848308144463951,-0.7730178133038854,-0.7462865182503352
2021,17019010902,Census Tract 109.02 — Family-oriented residential area,0.3965031714857929,-0.7575640662565832,3.215953353260799,1.7489086296014138,-0.7401054233380313,-0.92960607269673,0.6019692742678028,-0.8284169567151942,-0.492780322444936,0.5892772860651752,0.7498452973801056,-0.5733556965411336,0.3181642712978089,0.6234446501796227,-1.1813960669903667,-0.13371606842104364
2021,17019011001,Champaign — Mixed residential area,-0.6192012621554241,-0.5612603166743817,0.033395821142199036,-0.1969108240691614,-0.5297280646324284,0.0731599412264122,-0.2879189178297205,0.45734583081229463,-0.652996724747735,-0.7237099130809155,-1.28353653124888,1.815462597644607,-1.1245309944277484,-0.7844760352374828,0.9527206237329038,-0.5290020099942538
2021,17019011002,Champaign — Higher-income residential area,0.14088848876577326,-0.4735501306908449,-0.14674894482677847,-0.01839527786085144,-0.7041873377053673,-0.2051407586729621,0.26891170529563,1.107042221683075,-0.6602792884887713,-0.6169629863210707,-0.9078549816648906,1.1833445259523803,-0.8012855929090503,-0.7547730671907084,0.5501277286403142,0.007457482140817175
2021,17019011100,Urbana — Student-dense area,-1.1214557394835516,1.2347101582266105,0.7239507573566122,1.8614510391675223,1.118105741535501,0.8948096266436125,-1.2506634531399063,1.011632262184569,1.3497083040372517,-1.342842088288015,-1.8233338910219357,0.8893361205141352,-1.6332171789229624,-1.586456172500391,1.557801069611707,1.6229739390052411
2022,17019000200,Champaign — Higher economic stress area,-0.9243474579604283,0.720979068894466,1.4745539488940176,0.6692776523155065,0.4268658486456622,0.6032565124633156,-1.2714795512006674,-1.350900068254633,0.07525964935589653,-0.4781919815332724,0.01502437536646234,-0.08089161743207335,0.07828215753919619,-0.35675329536393174,0.33062441728383063,1.0374106031964796
2022,17019000301,Champaign — Student-dense area,-1.7459969225289664,2.5545396235026883,1.7747952255089798,1.1962865909043858,2.0703015218789793,2.339322783264174,-1.375560041504471,0.9798289423517336,2.354702100300263,-1.364191473639984,-1.9857084194052819,0.6908804468433197,-1.6621391359009512,-1.7468521999529727,1.7065188169958676,2.202399294354792
2022,17019000302,Champaign — Student-dense area,-1.5452493392972328,1.6774377636673201,-0.9574003916871765,1.2420797092795606,1.778558703883056,1.6767020692180448,-1.3547439434437103,1.1706488613487462,1.750249309794249,-1.3535167809639996,-2.0579716143426428,2.690137603823385,-1.7599634021500308,-1.6102185469378105,1.7065188169958676,2.4761532228356176
2022,17019000401,Champaign — Student-dense area,-1.808451040833508,2.8343768835454015,-0.08670068950378597,1.5168384195306117,2.3620443398749025,2.3702450832529935,-1.4380083356867535,1.5068553852958637,2.649645931812234,-1.4175649370199066,-2.0427353985425967,1.1024922144568627,-1.7599634021500308,-1.7171492319061983,1.7065188169958676,2.2674618872224315
2022,17019000402,Champaign — Student-dense area,-1.6559396260108128,2.6840165647164804,-0.4169660937802445,1.1458365452368202,2.062971300321293,2.3923324403878645,-1.318315771837379,1.738565286935093,2.372908509652854,-1.3962155516679375,-1.9622011150280683,1.0069394826894333,-1.7599634021500308,-1.6874462638594239,1.7065188169958676,3.5736241289426043
2022,17019000500,Champaign — Mixed residential area,-0.03796160113449145,-0.16447614198695318,-0.4469902214417408,0.13217870459311393,0.5815335235128476,0.0731599412264122,0.11799499435511449,0.7708356977359583,-0.42359596690509105,-0.008505503789955396,-0.2587921885829346,0.5071251934444166,0.45171566087263937,-0.2735849848329634,0.42421110042031596,-0.9193775672000949
2022,17019000700,Champaign — Mixed residential area,-0.488525657584391,0.2364847082235008,2.165108885108431,-1.6040790209198805,-0.927759095214806,-0.1565485729762459,-1.1673990608968634,-1.696193255011132,-0.354411611365246,-0.35009566942145876,0.16216268794976274,0.10286363596682976,-0.1947751421647566,-0.2676443912236086,-0.04440294568492159,-0.36327653759554757
2022,17019000800,Champaign — Mixed residential area,0.08435594612269942,-0.4693734551678193,-0.056676561842289856,-1.0801747005259281,-0.5678452167323982,-0.6645577870782783,-0.1682263539803462,0.2665259118152823,-0.15414110848674742,-0.510216059561226,-0.15257399843404285,0.0073109041994003495,0.09614571920207168,-0.8438819713310315,0.7655472574599331,-1.09001342396617
2022,17019000901,Champaign — Family-oriented residential area,-0.605877716917122,-0.1686528175099788,1.1142644169560632,0.5877814246986692,-0.2174606262749826,-0.09028650157163297,-1.047706497047489,-1.5598933128704089,-0.22332546402659237,-0.5635895229411483,0.35805689109321026,0.21311678800617162,0.5622996140237729,-0.11912955098973674,0.24112151668421,0.2517491044174285
2022,17019000902,Census Tract 9.02 — Family-oriented residential area,0.23156261608199646,-0.5779670187664839,0.09344407646519128,-1.7531006942763825,-0.932157228149418,-0.7970819298875041,0.2793197543260106,-0.5558170724337478,-0.48185647683338156,-0.09390304519783128,0.38287015682471365,-0.4704527546377477,0.658422588685912,0.35017734414929835,-0.633488576627671,-0.8886876649040382
2022,17019001000,Champaign — Mixed residential area,0.008670807199566189,-0.13941608884879989,-0.2368213278112671,0.39995202390557805,-0.70272129339383,-0.523198701415104,0.2897278033563911,-0.11965725758343344,-0.33620520201265525,-0.16862589392972255,-0.031119592485105405,-0.32344855191862526,-0.33172911491346807,-0.3092285464890927,-0.16929862827070363,0.7256011958685437
2022,17019001100,Champaign — Senior-heavy residential area,0.9693847751928832,-0.7617407417796087,-1.0474727746716652,-0.014514505117192754,0.06108779291710509,-0.7264023870559171,0.8881906226032634,0.8208123431875565,-0.45272622186923633,0.9308674516966787,0.700218765917099,-0.5807059066770895,0.49765053372003326,0.9145337370380116,-0.7723371828810746,-1.0212680428230032
2022,17019001201,Champaign — Mixed residential area,-0.28410793110414356,-0.17700616855602988,0.6639025020336197,0.25325881419527196,0.16371089472471623,-0.1167913301334782,-0.5689362416499911,-0.6285103749088002,-0.43451981251664556,-0.08322835252184685,0.6323087754940371,-0.49250338504561614,0.7290261895439435,0.08879122533768391,0.06041413942794215,-0.32276586656475276
2022,17019001203,Champaign — Senior-heavy residential area,0.7506565741974225,-0.8828643319473501,-0.6571591150722143,-2.328231214886632,-1.7502099539872333,-1.1018874583487237,0.5291129310551398,-0.0060739724661641,-0.6821269797118802,0.6319760567691133,0.6170725596939911,-0.13969329851972215,-0.14969091511083285,0.6947317734918814,-0.9979661680428555,-1.2078626487830277
2022,17019001204,Champaign — Family-oriented residential area,2.265778063495647,-0.7951541459638132,0.5438059913876346,0.6879053614850689,0.4605848678110202,-0.7794120441796074,2.163176628824861,1.1161288844924568,-0.6821269797118802,1.0269396857805388,1.0571815360896029,-0.9335159932029836,0.5716567177519457,1.0274050156157546,-0.9761859945129099,-1.2569664924567185
2022,17019001205,Champaign — Family-oriented residential area,0.9523294036262604,-0.4944335083059727,-0.9574003916871765,-0.08592072360051675,0.44665744685141573,-0.3818396157519299,1.06512745611973,0.7617490349265765,-0.46000878561027264,-0.008505503789955396,0.7698700381458801,-0.6909590587164315,1.1033103386708565,-0.15477311264586585,-0.48340956839788907,-0.48358095459608985
2022,17019001206,Census Tract 12.06 — Senior-heavy residential area,1.3113866111825427,-0.7659174173026343,-1.0174486470101691,-0.30013937905048815,-1.174054539553073,-0.7484897441907881,1.3305327063944299,0.7617490349265765,-0.6966921071939529,2.3826256556305676,0.6701816547684365,-0.29404771137480085,-0.32492394856570583,1.6511673445980166,-1.1184377528803677,-0.6002025833211053
2022,17019001301,Champaign — Senior-heavy residential area,0.40449113032079353,-0.6698538802730464,0.6038542467106272,0.7422361798962938,-1.2136377359645802,-0.8810138870000139,0.46666463687285764,0.5618424531201826,-0.5910949329489262,1.00559030042857,0.5748464759052924,-0.6615582181726071,0.09529507340860129,0.9679990795222058,-0.4697969599416731,-0.2847103877176426
2022,17019001302,Savoy — Senior-heavy residential area,1.4777458774218992,-0.7450340396875065,-1.4377864342711162,1.1582550180165285,0.2186875564073651,-0.9031012441348849,1.3617568534855709,0.6027324357623995,-0.7039746709349891,2.9163602894297918,-0.1094772737424846,0.1984163677342597,-0.4567740465535958,2.0194841483780186,-0.8877040395475057,-0.8862324727203537
2022,17019001400,Census Tract 14 — Family-oriented residential area,0.1736730456831696,-0.31901313633889905,-0.9574003916871765,-0.4708933797714802,-0.7789555975937698,-0.7043150299210461,0.7789061077842693,0.8026390175687937,0.6505821848977654,-0.9051796885726515,0.5674460282309843,-0.6909590587164315,1.6051913568183092,-0.3092285464890927,0.19926274568134578,-0.5768782575761022
2022,17019005300,Urbana — Student-dense area,-1.1184949516528178,0.8880460898154885,0.8140231403411008,-0.030037596091828597,0.4290649151129682,0.9036445694975607,-1.3235197963525693,-0.43314712450709675,0.8945480702224822,-0.8945049958966671,-1.1128909142883658,1.7272600760131334,-0.707714555627322,-1.1943769942829692,1.2545802162494948,1.4695244275249577
2022,17019005401,Census Tract 54.01 — Mixed residential area,-0.8112515311343772,-0.10600268466459535,1.3244333105865365,0.8431362712314251,-0.5751754382900846,0.638596283879109,-1.0581145460778694,-0.5739903980525108,-0.008489833666021115,-0.37144505477342765,-0.72327911025862,1.5435048226142303,-0.6872990565840358,-0.4636839803323194,0.6637930092497183,0.0700648828247728
2022,17019005402,Census Tract 54.02 — Senior-heavy residential area,0.05283589234134565,-0.09764933361854425,1.1442885446175592,-2.0573532773792405,-1.5845469467835178,-0.5982957156736654,-0.3659792855575734,-1.1282768294247854,-0.6384315972656625,0.6106266714171443,0.030260591166508012,-0.08824182756802958,-0.37426140458698093,1.0808703580999484,-0.7393266073747508,-0.8653633391590352
2022,17019005500,Urbana — Senior-heavy residential area,-0.115929014010482,-0.05588257838828862,-0.5070384767647331,-0.2489131788341909,0.30078603785345415,-0.1212088015604523,-0.30353099137529116,-0.23324054270070277,-0.4782151949628634,0.5999519787411597,0.010235850400733337,0.11756405623874222,-0.9492979609728751,0.49869218438317026,-0.02364371778919214,1.0361830071046376
2022,17019005601,Urbana — Mixed residential area,-0.22442955139091506,-0.4777268062138705,1.0542161616330707,-0.07272609627207634,0.1871676037093131,-0.28465524435849765,-0.3659792855575734,-0.02424729808492713,-0.39810699381146397,-0.09390304519783128,-0.08422868755955114,0.08816321569491782,-0.036555024579288414,-0.0300206468494136,-0.01955993525232717,-0.5081328764329353
2022,17019005602,Census Tract 56.02 — Senior-heavy residential area,-0.17810555845589218,-0.2730697055856179,-0.627134987410718,-0.26598857890628996,-0.31788466161528794,-0.16980098725716852,0.41462439172095567,0.4164558481700777,-0.20147777280348336,1.3151563880321195,-0.39200024672047873,0.5585766643961096,-1.081148058960765,0.6828505862731715,0.5984524886598812,-0.9672538147819434
2022,17019005701,Urbana — Senior-heavy residential area,-0.3624762839988793,-0.15612279094090206,1.8348434808319727,1.1039241996053035,1.1313001403393366,0.059907526945489585,0.08156682274878316,0.13931263248394046,-0.4782151949628634,1.4112286221159802,0.16346864930405244,-0.022089936344424042,-0.1709570599475893,0.9798802667409153,0.028084194344428947,-0.18773029646210335
2022,17019005702,Census Tract 57.02 — Senior-heavy residential area,1.8028773910843567,-0.8786876564243244,-1.4377864342711162,-1.0002307820065546,0.572737257643624,-0.8500915870111945,1.2732884367273378,0.8662456572344642,-0.8168544089210521,2.905685596753807,0.7537631814429742,-0.2719970809669327,0.011081139855045908,2.3283950160644715,-1.017023819881558,-0.9684814108737856
2022,17019005800,Urbana — Higher economic stress area,-0.03931862889024445,0.5497353724504181,-0.2368213278112671,0.4403120604396309,1.0667941906316951,0.2984509840020962,0.2741157298108203,1.6113520076037513,0.5158547556885935,-0.3821197474494121,-0.5043129231893886,0.09551342583087352,-0.5537476670092053,-0.3508127017545768,-0.002544174682057112,-0.3645041336873898
2022,17019005901,Urbana — Student-dense area,-1.6981616941386732,2.3039390921211544,0.0033716934807026516,1.2653643457415145,2.560693344088208,2.511604168916168,-1.1934191834728145,1.0025455993751875,2.4821469657683988,-1.4068902443439222,-1.4419931755693576,1.0363403232332578,-1.7599634021500308,-1.7171492319061983,1.5469109828467345,0.7980293652872374
2022,17019005902,Urbana — Student-dense area,-1.4749923113971115,1.5229007693153742,-0.627134987410718,1.312709773214153,0.9018642055837485,1.6678671263640963,-1.4380083356867535,1.25242882663318,2.300082872242491,-1.4175649370199066,-1.7715307573017796,2.2417747855300623,-1.350802775490837,-1.532990830016197,1.7065188169958676,1.9495144994352844
2022,17019006000,Census Tract 60 — Student-dense area,-1.0785243159379112,0.33254824525308874,0.2735888424341688,-0.0587553143949043,0.07354916956517203,0.5944215696093671,-1.0945427176842006,1.8930385546945794,1.5791090618798955,-1.2787939322321082,-0.8308032617618013,1.6170069239737914,-0.07228214790503938,-1.4676443003132935,1.6350526226007336,1.134390694452019
2022,17019010100,Census Tract 101 — Mixed residential area,-0.4248995607635173,-0.653147178180944,-1.1075210299946576,-0.5260003527314367,-0.48501371313054037,-0.2316455872348072,-0.9852582028652066,-1.6007832955126258,-0.6675618522298076,1.4432527001439333,0.1882819150355558,0.31601972990955723,-0.19222320478434574,1.2590881663805946,-0.08013604288248861,-0.05760511072682293
2022,17019010204,Rantoul — Mixed residential area,-0.3965561855922217,0.07359436282550388,0.18351645944968017,-0.4693410706740164,-0.5803065933804651,-0.028441901593994307,-0.47526380037656757,-1.696193255011132,-0.4964216043154542,0.31173527648957894,0.21178921941276949,0.3233699400455135,-0.05271729465522342,1.1046327325373677,-0.7345621944150751,0.43834371037745307
2022,17019010300,Rantoul — Family-oriented residential area,-0.7256045748224208,0.2740747879307309,1.8648676084934688,1.2048242909404354,-0.35306972509218326,-0.23606305866178143,-0.8187294183791204,-1.7870598831049476,-0.5109867317975268,-0.8838303032206827,0.7067485726885468,-0.6983092688523876,1.9930858386407462,-0.8320007841123217,0.9738201668400388,0.5242754368064118
2022,17019010400,Census Tract 104 — Senior-heavy residential area,0.5115421153257631,-0.6573238537039696,-0.4169660937802445,-1.1919409555433047,-0.9885999341436041,-0.611548129954588,0.53431695557033,-1.3054667542077254,-0.5656059598552992,0.9522168370486476,0.7994718288431124,-0.6836088485804755,0.07402892857184484,0.9323555178660764,-1.1004010466758816,-0.024460016247081755
2022,17019010500,Fisher — Family-oriented residential area,1.3818595298619885,-0.8327442256710432,-0.6871832427337106,-2.4795813518893293,-1.4416076264086308,-0.8942663012809364,1.4033890496070927,-0.6194237120994185,-0.5874536510784082,0.3544340471935167,1.6117797912112748,-2.080148774412139,1.3270301823535344,0.5699793076954289,-1.2926791411199332,-0.8285354564037671
2022,17019010601,Census Tract 106.01 — Family-oriented residential area,1.606848563457855,-0.8703343053782734,-1.3477140512866275,-0.8597468086861024,-0.12509983464813237,-1.0179555012362138,1.658386250851412,0.16657262091208516,-0.6129426241720353,-0.30739689871752085,1.610038509405555,-1.79349057910985,1.8603850948593863,-0.10130777016167207,-1.3573390312869593,-1.2090902448748702
2022,17019010603,Mahomet — Family-oriented residential area,1.4607521889350832,-0.7199739865493531,-0.4169660937802445,0.17098643202970296,-0.10677428075391608,-0.6778102013592009,1.392981000576712,0.12568263826986828,-0.5073454499270087,-0.24334874266161402,1.112902553872628,-1.1099210364659307,1.655379458633054,0.1600783486499426,-1.0428877759483686,0.10689276558004092
2022,17019010604,Census Tract 106.04 — Senior-heavy residential area,1.4887563071674406,-0.5737903432434583,-1.0774969023331613,-1.4930889204512359,-0.570044283199704,-0.8810138870000139,1.3201246573640495,-0.9056535905949373,-0.6602792884887713,0.557253208037222,0.5265259057965753,-0.40430086341414273,-0.020392754503353712,0.6412664310076877,-0.8635416595377221,-0.5547815279229414
2022,17019010701,St. Joseph — Family-oriented residential area,1.1728772554760263,-0.6907372578881742,-1.2276175406406424,-1.236957919369748,-1.303066438968356,-0.6380529585164332,1.1692079464235339,-0.5967070550759647,-0.6384315972656625,0.493205051981315,0.6575573616769702,-0.31609834178266905,1.4937567578737052,1.2115634175057555,-1.2235951532046365,-1.433740329682005
2022,17019010702,Census Tract 107.02 — Family-oriented residential area,1.2639831643508983,-0.7074439599802763,1.4145056935710254,-0.6338858350051544,-0.09651197057315518,-0.92960607269673,1.4346131966982338,-0.8829369335714834,-0.5692472417258173,0.1302655009978427,1.1233502447069457,-1.5068323838075615,0.7281755437504731,0.5165139652112352,-1.2161082185537178,-0.5510987396474145
2022,17019010800,Census Tract 108 — Senior-heavy residential area,0.9717595737654511,-0.5988503963816117,-0.47701434910323687,-0.19768697861789306,0.338903189953424,-0.6910626156401235,0.9142107451792144,-1.0192368757122066,-0.5656059598552992,0.4398315886013926,0.9544459095521504,-1.190773347961448,0.6822406709030793,0.6472070246170422,-1.25218163096269,-0.43693230310608383
2022,17019010901,Census Tract 109.01 — Family-oriented residential area,1.161157470312705,-0.7366806886414554,-1.1075210299946576,1.4198191009391385,0.553678681593639,-0.6203830728085363,1.1587998973931533,-0.7375503286213787,-0.41631340316405474,-0.14727650857775368,0.9527046277464313,-1.2422248189131408,1.1543490862790722,0.45116743550833144,-0.8495887358701006,-0.5474159513718878
2022,17019010902,Census Tract 109.02 — Family-oriented residential area,0.7085887137690795,-0.7742707683486854,2.405301906400401,0.7647446618095154,-1.0780286371473797,-0.9605283726855494,0.79972220584503,-0.692117014574471,-0.492780322444936,0.5038797446572996,1.0615347406039022,-1.2054737682333603,0.5274231364914924,0.7066129607105909,-0.931264386607397,-0.1693163550844693
2022,17019011001,Champaign — Mixed residential area,-0.2552094082145854,-0.5696136677204328,-0.38694196611874826,-1.2749894922576055,-0.22332480352113196,-0.4215968585946976,0.24809560723486934,0.27561257462466365,-0.4709326312218271,-0.9692278446285584,-1.3745185055977256,1.0730913739130383,-1.176420387829434,-0.9983374051742584,1.006150111923552,-0.7070034433113827
2022,17019011002,Champaign — Higher-income residential area,1.0639757780768482,-0.6239104495197652,-1.1975934129791463,0.027397840514323358,-1.2950031952549006,-0.6645577870782783,1.06512745611973,1.1479322043252924,-0.6602792884887713,-0.5635895229411483,-0.46339280075497963,0.029361534607268515,-0.4593259839340067,-0.7725948480187731,0.1880323437049676,-0.2306961596765827
2022,17019011100,Urbana — Student-dense area,-1.057181970324705,1.2472401847956869,-0.747231498056703,1.5603030742595916,1.365867230185305,0.9036445694975607,-1.209031257018385,1.0298055878033325,1.316936767202588,-1.385540858991953,-1.8242045319247953,1.1392432651366433,-1.6340678247164326,-1.6993274510781335,1.6292672640068415,1.7764234504855245
2023,17019000200,Champaign — Higher economic stress area,-0.909204261867821,0.9214594939996932,1.7147469701859877,0.09337097715652486,0.513362463026363,0.8638873266547931,-0.995666251895587,-1.191883469090456,0.11531374993159632,-0.4354932108293345,0.022424823040770123,-0.34549918232649396,-0.19987901692557805,-0.5052681355978037,0.42353046999750504,0.7832982121851301
2023,17019000301,Champaign — Student-dense area,-1.7284480863238878,2.6589565115783276,2.0149882468009497,1.2009435181967762,2.010926727261719,2.379080026106942,-1.4380083356867535,-0.2514138683194658,2.296441590371973,-1.3962155516679375,-1.9413057333594341,1.3965006198951078,-1.7599634021500308,-1.7468521999529727,1.7065188169958676,2.088232857813461
2023,17019000302,Champaign — Student-dense area,-1.4791250777441776,1.5604908490226042,-0.8973521363641842,0.7135184615932181,1.3321482110199467,1.5662652835436899,-1.3391318698981398,1.1615621985393645,1.6264457261966314,-1.1720470054722634,-2.082349559622716,3.0282472700773675,-1.7599634021500308,-1.5448720172349069,1.6694244589526788,2.1753921803342617
2023,17019000401,Champaign — Student-dense area,,2.8260235324993497,-0.14674894482677847,1.2793351276186864,2.192716221892344,2.5734487688938064,-1.4380083356867535,1.3024054720847789,2.6423633680711975,-1.4068902443439222,-2.1297994888285734,2.109471003082852,-1.7599634021500308,-1.7171492319061983,1.7065188169958676,1.5726424992397081
2023,17019000402,Champaign — Student-dense area,-1.6353683188951935,2.704899942331608,-0.9574003916871765,1.249065100218147,1.9647463314482934,2.1802938118931032,-1.34433589441333,1.6431553274365869,2.514918502603062,-1.3962155516679375,-1.9922382261767302,0.3013193096376453,-1.7599634021500308,-1.693386857468779,1.7065188169958676,3.0776753078383283
2023,17019000500,Champaign — Mixed residential area,-0.08070797544071096,-0.24383297692443895,-0.8673280087026879,0.6335745430738445,1.0975811211739785,0.11733465549615416,0.3053398769019615,1.0752389018502402,-0.354411611365246,0.09824142296988937,-0.2748990452858402,0.5218256137163291,0.3845146431884891,-0.297347359270383,0.35716900377345195,-0.6652651761887455
2023,17019000700,Champaign — Mixed residential area,-0.43106786874421277,0.07359436282550388,0.48375773606464245,-1.0708608459411468,-0.721779869443815,-0.13887868726834918,-1.1205628402601515,-1.8234065343424735,-0.4672913493513089,-0.4354932108293345,0.1974236445155834,0.242517628549996,0.047658908974266966,-0.27952557844231835,0.28127871163004736,-0.3583661532281786
2023,17019000800,Champaign — Mixed residential area,0.18428253540996578,-0.4401367265066404,0.12346820412668766,-1.2167779011027218,-0.7173817365092031,-0.6248005442355106,0.029526577596881216,0.03935934158074363,-0.07039162546482977,-0.467517288857288,-0.2631453930972332,0.19106615759830345,-0.1862686842300539,-0.6716047566597401,0.8496051146770671,-0.9549778538635206
2023,17019000901,Champaign — Family-oriented residential area,-0.5334926227636608,-0.3900166202303337,-0.4169660937802445,0.49774749704578286,-0.10824032506545361,0.14383948405799937,-0.969646129319636,-1.4281367021343763,-0.2743034102138465,-0.4354932108293345,0.4390264950591686,0.03671174474322474,1.000382197660956,0.2373060655715558,0.26902736401945293,-0.08706741693103738
2023,17019000902,Census Tract 9.02 — Family-oriented residential area,0.33768835488986176,-0.6364404760888418,0.7839990126796047,-1.2136732829077945,-0.2980930634095344,-0.7529072156177622,0.3105439014171518,-0.41951713029302456,-0.41631340316405474,-0.3287462840694897,0.37503438869897576,-0.6174569573568702,0.6720329213814361,0.23136547196220086,-0.6025198923897794,-1.0495027529353753
2023,17019001000,Champaign — Mixed residential area,0.1062225979142648,-0.051705902865263,-1.137545157656154,0.16710565928604373,-0.17201325261732614,-0.45251915858351693,0.21687146014372827,0.23017926057775592,-0.4782151949628634,0.03419326691398236,-0.12558413044539019,0.11756405623874222,-0.3002552205550684,-0.20229786152070492,-0.46128907965653804,0.9097406096448838
2023,17019001100,Champaign — Senior-heavy residential area,0.7917683468887576,-0.7283273375954041,-0.5370626044262293,0.4736867060350975,0.4488565133187218,-0.6027131871006396,0.8829865980880731,0.911678971281372,-0.4199546850345729,0.8134458322608493,0.40681278165335744,-0.41900128368605494,0.2926448974937011,0.908593143428657,-0.8152168995181552,-1.1648967855685486
2023,17019001201,Champaign — Mixed residential area,-0.27470126143358303,0.0652410117794528,0.7839990126796047,1.0224279719884668,0.4085402947514459,-0.02402443016702005,-0.19424647655629718,-0.31047717658044605,-0.41267212129353653,-0.09390304519783128,0.5870354485453289,-0.49250338504561614,0.29945006384146333,0.30265259527445953,0.20402715864102142,-0.23928933231947858
2023,17019001203,Champaign — Senior-heavy residential area,0.9516817312882874,-0.8243908746249922,-0.627134987410718,-1.5722566844218775,-1.4643313132374591,-1.022372972663188,0.7684980587538888,0.13476930107924995,-0.7039746709349891,0.6319760567691133,0.669746334317007,-0.30139792151075706,0.04170438841997514,0.5165139652112352,-1.1194586985145838,-1.2311869745280308
2023,17019001204,Champaign — Family-oriented residential area,1.9883584120638689,-0.7951541459638132,0.06341994880369516,-0.4988349435258243,0.18936667017661912,-0.7661596298986848,2.1475645552792906,1.2751454836566338,-0.7185397984170617,1.1550359978923526,0.9635876390321783,-0.7424105296681246,1.0871480685949217,0.6887911798825265,-0.9489607776004778,-1.433740329682005
2023,17019001205,Champaign — Family-oriented residential area,0.7816214802605137,-0.5320235880132027,-1.1075210299946576,0.08095250437681607,0.6174516091455114,-0.5099462871341814,0.9870670883918771,0.7799223605453399,-0.5219105774090813,0.11959080832185826,0.8887125213862384,-0.7203598992602561,1.186673626430942,0.08879122533768391,-0.6324676309934547,-0.6210717168824239
2023,17019001206,Census Tract 12.06 — Senior-heavy residential area,1.452856754719793,-0.7993308214868389,-1.1075210299946576,-0.3063486154403423,-1.234895378481871,-0.7529072156177622,1.4606333192741847,0.789009023354721,-0.7039746709349891,2.5320713530943504,0.7137136999114249,-0.2646468708309765,-0.19392449637128623,1.8472069337067272,-1.1473645458498267,-0.2712068307073775
2023,17019001301,Champaign — Senior-heavy residential area,0.5062065289224615,-0.7533873907335575,0.39368535308015357,0.7205038525318038,-1.4254811389817206,-0.973780786966472,0.4978887839639989,0.6845124010468333,-0.5910949329489262,1.123011919864399,0.5361029557280328,-0.5513050661332652,0.1590935079188706,0.7481971159760752,-0.4521005689485921,-0.530229606086096
2023,17019001302,Savoy — Senior-heavy residential area,1.2960583658505145,-0.6615005292269952,-1.287665795963635,-1.042143127638071,0.10213703364014949,-0.995868144101343,1.226452216090626,0.6436224184046164,-0.6457141610066985,2.777589284641993,-0.07682823988524334,-0.0367903566163365,-0.4338066101298989,1.8234445592693078,-0.9186727237853971,-0.9684814108737856
2023,17019001400,Census Tract 14 — Family-oriented residential area,0.1062225979142648,-0.4693734551678193,-1.1675692853176503,-0.4693410706740164,-0.4036482538402201,-0.5585384728308976,0.8205383039057906,0.7662923663312671,0.7088426948260561,-0.9478784592765894,0.7176315839742939,-0.7865117904838611,1.799138597729528,-0.4755651675510293,0.2288701690736156,-0.7057758472195403
2023,17019005300,Urbana — Student-dense area,-1.0773214958816757,0.8295726324931307,1.6847228425244916,0.1259694682032598,0.5404842827898032,0.8815572123626897,-1.318315771837379,-0.5739903980525108,0.9273196070571456,-0.7450592984328843,-1.3113970401403925,2.1241714233547646,-0.9782199179508639,-1.0220997796116778,1.3206013672621426,1.8402584472613228
2023,17019005401,Census Tract 54.01 — Mixed residential area,-0.5853064098015026,-0.3273664873849502,0.453733608403146,0.5606160154930567,-0.4571588712113317,0.3117033982830187,-1.0789306441386302,-0.7602669856448325,-0.13593469913415662,0.1302655009978427,-0.7502689782472728,1.653757974653572,-1.0496741646023655,-0.3092285464890927,0.6556254441759889,-0.025687612338924
2023,17019005402,Census Tract 54.02 — Senior-heavy residential area,0.13290052993077264,-0.17700616855602988,0.8740713956640933,-1.3929649836648361,-1.4320783383836384,-0.79266445846053,-0.376387334587954,-1.1373634922341669,-0.605660060430999,0.5252291300092685,-0.009353569913611233,-0.08824182756802958,-0.3861704456955646,0.8610683945538178,-0.7522585854081559,-1.0372267920169524
2023,17019005500,Urbana — Senior-heavy residential area,-0.05890300672895252,-0.18535951960208097,-0.8373038810411917,-0.1247284510371058,-0.056928774161647794,-0.2095582300999362,-0.3919994081335244,-0.26958719393822916,-0.46000878561027264,0.6960242128250199,0.2139658216699191,-0.1543937187916346,-0.8055388218764015,0.665028805445107,-0.20367046462264934,0.33645323475454486
2023,17019005601,Urbana — Mixed residential area,0.16244672515830388,-0.4276066999375637,0.453733608403146,-0.28073551533219365,-0.26877217717878815,-0.523198701415104,0.06075072468802246,0.12113930686517743,-0.34712904762420976,-0.15795120125373813,-0.24529725458860813,-0.22054561001523962,-0.24411259818603143,-0.34487210814522185,-0.01683741356108402,-0.5928370067700518
2023,17019005602,Census Tract 56.02 — Senior-heavy residential area,0.02291959863497269,-0.3607798915691547,-0.32689371079575574,0.5396598426772989,-0.2717042658018627,-0.12562627298742657,0.12319901887030475,0.47097582502636715,-0.37990058445887315,1.10166253451243,-0.3859057604004603,0.5291758238522852,-0.7026106808665004,0.4452268418989765,0.5181380987682066,-0.7573348830769157
2023,17019005701,Urbana — Senior-heavy residential area,-0.16364087624116133,-0.38583994470730804,2.5253984170463855,0.6591876431819932,0.6980840462800633,-0.11237385870650395,0.34697207302348293,0.3301325514809531,-0.5947362148194444,1.5926983976077163,0.25053273959002914,-0.07354140729611712,-0.4261507979886666,1.0155238283970447,-0.21217834490778437,-0.19877866128868374
2023,17019005702,Census Tract 57.02 — Senior-heavy residential area,1.3099987418868864,-0.9162777361315545,-1.1675692853176503,-1.474461211281673,-0.21599458196344534,-0.8765964155730397,1.257676363181767,0.9798289423517336,-0.8314195364031247,2.862986826049869,0.6175078801454209,-0.04414056675229273,0.11571057245188765,1.8887910889722115,-1.0639873190555034,-0.9255155476593063
2023,17019005800,Urbana — Higher economic stress area,0.3497473969921214,0.31584154316098656,-0.14674894482677847,1.2327658546947795,1.725781108667713,0.17476178404681872,0.5030928084791888,1.593178681984988,0.39205117209097623,-0.30739689871752085,-0.3497741629317801,-0.536604645861353,-0.3759626961739214,-0.24982261039554396,-0.012073000601408384,0.1609069936211006
2023,17019005901,Urbana — Student-dense area,-1.6167400287934932,1.936391646094905,0.0033716934807026516,1.4578506738269958,2.7329535506938405,2.2598082975786387,-0.9904622273803967,1.0525222448267864,2.332854409077154,-1.3748661663159685,-1.1407514231798783,0.31601972990955723,-1.4715944781636132,-1.5626937980629714,1.5288742766422483,0.8594091698793508
2023,17019005902,Urbana — Student-dense area,-1.426231836809714,1.82779808249624,-0.47701434910323687,1.601439265342375,1.3431435433564771,1.7517990834766062,-1.4380083356867535,0.38010919693255163,2.190844416126946,-1.4175649370199066,-1.6923024351415406,2.146222053762633,-1.411198626827225,-1.5092284555787776,1.7065188169958676,0.8950094565427765
2023,17019006000,Census Tract 60 — Student-dense area,-0.9590441903518403,0.2991348410688842,-0.47701434910323687,0.4884336424610011,0.2040271132919921,0.2851985697211734,-1.0216863744715379,1.6840453100788035,1.524489833822123,-1.3001433175840773,-0.5604692614238438,1.2347959969040727,0.20758031814667532,-1.4735848939226484,1.6255237966813822,1.4314689486778476
2023,17019010100,Census Tract 101 — Mixed residential area,-0.331048754837236,-0.674030555796072,-1.1075210299946576,-0.6851120352214517,-1.0259840640878053,-0.4481016871565428,-0.9644421048044457,-1.7052799178205134,-0.6347903153951442,-0.019180196465940023,0.2048240921898915,0.3307201501814697,0.0774315117457261,0.35017734414929835,0.2183203975200483,0.07620286328398422
2023,17019010204,Rantoul — Mixed residential area,-0.2236585128933281,-0.12270938675669754,-0.38694196611874826,-1.5481958934111923,-1.0032603772589772,-0.13887868726834918,-0.33475513846643234,-1.6553032723689152,-0.5328344230206358,0.3010605838135943,0.04680276832084369,0.45567372249272403,-0.16585318518676787,1.039286202834464,-0.7903738890855609,0.12530670695767476
2023,17019010300,Rantoul — Family-oriented residential area,-0.6701206445360651,0.29495816554585874,0.9040955233255894,1.1132380541900853,-0.7313091574688074,-0.45251915858351693,-0.6417925848626538,-1.7643432260814935,-0.47457391309234526,-0.6810111423769776,0.7772704858201881,-0.5880561168130458,1.7974373061425872,-0.38645626341070616,1.0694487412449567,0.25420429660111293
2023,17019010400,Census Tract 104 — Senior-heavy residential area,0.553085669575747,-0.6197337739967396,-0.4169660937802445,-1.8237307582109747,-1.1982442706934384,-0.5629559442578719,0.5499290291159008,-1.3599867310640146,-0.6275077516541078,0.9628915297246318,0.7724819608544594,-0.602756537084958,0.10210023975636351,0.9145337370380116,-1.0371024173544767,0.1461758405189933
2023,17019010500,Fisher — Family-oriented residential area,1.3935176319455027,-0.8703343053782734,-0.9273762640256803,-2.282438096511457,-1.2950031952549006,-0.9649458441125236,1.4137970986374728,-0.44223378731647844,-0.6930508253234348,0.5038797446572996,1.6365930569427778,-2.131600245363832,1.459730926134895,0.670969399054462,-1.3859255090450129,-0.8948256453632496
2023,17019010601,Census Tract 106.01 — Family-oriented residential area,1.907584419056662,-0.8745109809012989,-0.6871832427337106,0.22997417773331819,0.8534847433030177,-1.0400428583710848,2.1423605307641,0.12113930686517743,-0.6566380066182532,-0.15795120125373813,1.651393952291394,-1.8890433108772797,2.0900594590963557,0.08879122533768391,-1.3889883459476615,-1.1845383230380249
2023,17019010603,Mahomet — Family-oriented residential area,0.9126055002305816,-0.711620635503302,0.06341994880369516,0.2439449596104902,-0.19840205022499754,-0.6027131871006396,1.07553550515011,0.06661933000888834,-0.5037041680564904,-0.10457773787381573,1.197354721450026,-1.499482173671605,1.7030156230673885,0.15413775504058763,-0.9247983975906944,-0.035508381073662144
2023,17019010604,Census Tract 106.04 — Senior-heavy residential area,1.6882702288030351,-0.4735501306908449,-1.0474727746716652,-1.2346294557235524,-0.015146511282834627,-0.7661596298986848,1.4554292947589944,-0.7148336715979249,-0.6675618522298076,0.5038797446572996,0.6388385822654852,-0.5513050661332652,0.17950900696215696,0.5759199013047839,-0.8499290510815061,-0.4590290327592445
2023,17019010701,St. Joseph — Family-oriented residential area,1.5914277935061165,-0.7826241193947365,-1.2276175406406424,-0.9575422818263066,-1.0992862796646705,-0.7131499727749945,1.5959379566691296,-0.5194704211962217,-0.6165839060425534,0.18363896437776508,0.46383976079067196,-0.30874813164671333,1.1739139395288885,1.057107983662529,-1.2218935771476094,-1.3699053329062072
2023,17019010702,Census Tract 107.02 — Family-oriented residential area,1.3592218395728362,-0.674030555796072,1.2944091829250404,-0.5795550165939295,-0.5033392670247566,-0.9207711298427816,1.3721649025159512,-0.9283702476183912,-0.5801710873373719,0.25836181310965656,1.116385117484067,-1.4480307027199124,0.8166427062713799,0.5402763396486545,-1.21815010982215,-0.4222011500039765
2023,17019010800,Census Tract 108 — Senior-heavy residential area,1.0455942202943755,-0.6489705026579186,-0.1767730724882746,-0.15965540573003562,0.40780727259567734,-0.7794120441796074,1.013087210967828,-1.1373634922341669,-0.5910949329489262,0.8134458322608493,0.9052546985405738,-0.9335159932029836,0.38706658056889964,0.9323555178660764,-1.2372077616608526,-0.5167260490758312
2023,17019010901,Census Tract 109.01 — Family-oriented residential area,1.0521943098337199,-0.7074439599802763,-0.7172073703952068,0.04835401333008169,-0.018811622061677937,-0.7661596298986848,1.0859435541804907,-0.6875736831697802,-0.5328344230206358,-0.019180196465940023,0.7981658674888227,-1.1466720871457114,0.9995315518674852,0.24324665918091076,-0.9285418649161538,-0.40378720862634243
2023,17019010902,Census Tract 109.02 — Family-oriented residential area,0.6607226438388827,-0.749210715210532,1.6847228425244916,0.7010999888135093,-0.915297718566739,-0.92960607269673,0.8881906226032634,-0.7966136368823588,-0.5437582686321902,0.5038797446572996,1.0859126858839756,-1.4553809128558686,0.6150396532189291,0.670969399054462,-0.8843008874334516,-0.12512289577814772
2023,17019011001,Champaign — Mixed residential area,-0.0897445466324298,-0.5904970453355606,0.48375773606464245,-1.0863839369157826,-0.24384942388265402,-0.47902398714536215,0.21166743562853801,0.5618424531201826,-0.5583233961142628,-1.0012519226565118,-1.332292421809027,1.227445786768117,-1.0922064542758785,-0.9983374051742584,0.8921445161027423,-1.0679166943130092
2023,17019011002,Champaign — Higher-income residential area,1.0251154377984668,-0.2062428972172088,-1.4377864342711162,0.8734062986319646,-0.905035408385978,-0.5585384728308976,1.091147578695681,1.120672215897148,-0.1759887997098563,-0.6596617570250086,-0.6845355900813603,0.27191846909382095,-0.7332339294314296,-0.534971103644578,0.3020379395257768,-0.6996378667603289
2023,17019011100,Urbana — Student-dense area,-1.064799830680864,0.9548728981838975,-0.627134987410718,1.3491890370045467,0.8967330504933679,0.9787415837561222,-1.0268903989867282,1.2297121696097262,0.8872655064814458,-1.2147457761762015,-1.735399159833099,1.5729056631580547,-1.5915355350429197,-1.5270502364068423,1.6197384380874904,1.5542285578620743
